Region,Country,State,City,Month,Day,Year,AvgTemperature
Europe,Germany,,Frankfurt,1,3,1995,33.1
Europe,Germany,,Frankfurt,1,4,1995,24.2
Europe,Germany,,Frankfurt,1,5,1995,21.4
Europe,Germany,,Frankfurt,1,6,1995,21.1
Europe,Germany,,Frankfurt,1,9,1995,31.6
Europe,Germany,,Frankfurt,1,10,1995,38.1
Europe,Germany,,Frankfurt,1,12,1995,33.8
Europe,Germany,,Frankfurt,1,13,1995,31.3
Europe,Germany,,Frankfurt,1,17,1995,28.4
Europe,Germany,,Frankfurt,1,18,1995,31.4
Europe,Germany,,Frankfurt,1,19,1995,36.1
Europe,Germany,,Frankfurt,1,20,1995,38.6
Europe,Germany,,Frankfurt,1,23,1995,45.7
Europe,Germany,,Frankfurt,1,24,1995,42.4
Europe,Germany,,Frankfurt,1,25,1995,40.2
Europe,Germany,,Frankfurt,1,26,1995,53.0
Europe,Germany,,Frankfurt,1,27,1995,37.1
Europe,Germany,,Frankfurt,1,30,1995,39.6
Europe,Germany,,Frankfurt,1,31,1995,35.1
Europe,Germany,,Frankfurt,2,1,1995,44.6
Europe,Germany,,Frankfurt,2,2,1995,41.2
Europe,Germany,,Frankfurt,2,3,1995,36.0
Europe,Germany,,Frankfurt,2,6,1995,50.4
Europe,Germany,,Frankfurt,2,7,1995,47.1
Europe,Germany,,Frankfurt,2,8,1995,47.9
Europe,Germany,,Frankfurt,2,9,1995,36.9
Europe,Germany,,Frankfurt,2,10,1995,35.4
Europe,Germany,,Frankfurt,2,13,1995,44.4
Europe,Germany,,Frankfurt,2,14,1995,47.2
Europe,Germany,,Frankfurt,2,15,1995,47.7
Europe,Germany,,Frankfurt,2,16,1995,47.3
Europe,Germany,,Frankfurt,2,21,1995,51.0
Europe,Germany,,Frankfurt,2,22,1995,40.9
Europe,Germany,,Frankfurt,2,23,1995,38.7
Europe,Germany,,Frankfurt,2,24,1995,37.3
Europe,Germany,,Frankfurt,2,27,1995,40.6
Europe,Germany,,Frankfurt,2,28,1995,44.5
Europe,Germany,,Frankfurt,3,1,1995,49.6
Europe,Germany,,Frankfurt,3,2,1995,39.5
Europe,Germany,,Frankfurt,3,3,1995,45.8
Europe,Germany,,Frankfurt,3,6,1995,40.7
Europe,Germany,,Frankfurt,3,7,1995,40.0
Europe,Germany,,Frankfurt,3,8,1995,42.0
Europe,Germany,,Frankfurt,3,9,1995,40.3
Europe,Germany,,Frankfurt,3,10,1995,43.6
Europe,Germany,,Frankfurt,3,13,1995,44.4
Europe,Germany,,Frankfurt,3,14,1995,35.9
Europe,Germany,,Frankfurt,3,15,1995,39.8
Europe,Germany,,Frankfurt,3,16,1995,41.6
Europe,Germany,,Frankfurt,3,17,1995,45.2
Europe,Germany,,Frankfurt,3,20,1995,40.9
Europe,Germany,,Frankfurt,3,21,1995,41.5
Europe,Germany,,Frankfurt,3,22,1995,42.1
Europe,Germany,,Frankfurt,3,23,1995,46.5
Europe,Germany,,Frankfurt,3,24,1995,51.5
Europe,Germany,,Frankfurt,3,27,1995,41.4
Europe,Germany,,Frankfurt,3,28,1995,35.8
Europe,Germany,,Frankfurt,3,29,1995,35.7
Europe,Germany,,Frankfurt,3,30,1995,37.1
Europe,Germany,,Frankfurt,3,31,1995,35.0
Europe,Germany,,Frankfurt,4,3,1995,62.4
Europe,Germany,,Frankfurt,4,4,1995,51.3
Europe,Germany,,Frankfurt,4,5,1995,52.2
Europe,Germany,,Frankfurt,4,6,1995,52.2
Europe,Germany,,Frankfurt,4,7,1995,56.0
Europe,Germany,,Frankfurt,4,10,1995,44.0
Europe,Germany,,Frankfurt,4,11,1995,50.3
Europe,Germany,,Frankfurt,4,12,1995,46.3
Europe,Germany,,Frankfurt,4,13,1995,47.0
Europe,Germany,,Frankfurt,4,18,1995,49.4
Europe,Germany,,Frankfurt,4,19,1995,43.9
Europe,Germany,,Frankfurt,4,20,1995,44.8
Europe,Germany,,Frankfurt,4,21,1995,50.3
Europe,Germany,,Frankfurt,4,24,1995,68.4
Europe,Germany,,Frankfurt,4,25,1995,63.3
Europe,Germany,,Frankfurt,4,26,1995,59.7
Europe,Germany,,Frankfurt,4,27,1995,53.3
Europe,Germany,,Frankfurt,4,28,1995,51.2
Europe,Germany,,Frankfurt,5,2,1995,58.2
Europe,Germany,,Frankfurt,5,3,1995,63.7
Europe,Germany,,Frankfurt,5,4,1995,65.8
Europe,Germany,,Frankfurt,5,5,1995,71.4
Europe,Germany,,Frankfurt,5,8,1995,62.4
Europe,Germany,,Frankfurt,5,9,1995,53.6
Europe,Germany,,Frankfurt,5,10,1995,53.8
Europe,Germany,,Frankfurt,5,11,1995,57.0
Europe,Germany,,Frankfurt,5,12,1995,58.3
Europe,Germany,,Frankfurt,5,15,1995,52.2
Europe,Germany,,Frankfurt,5,16,1995,51.2
Europe,Germany,,Frankfurt,5,17,1995,56.6
Europe,Germany,,Frankfurt,5,18,1995,48.8
Europe,Germany,,Frankfurt,5,19,1995,51.7
Europe,Germany,,Frankfurt,5,22,1995,57.2
Europe,Germany,,Frankfurt,5,23,1995,62.7
Europe,Germany,,Frankfurt,5,24,1995,67.6
Europe,Germany,,Frankfurt,5,30,1995,58.6
Europe,Germany,,Frankfurt,5,31,1995,56.3
Europe,Germany,,Frankfurt,6,1,1995,54.4
Europe,Germany,,Frankfurt,6,2,1995,63.7
Europe,Germany,,Frankfurt,6,6,1995,60.8
Europe,Germany,,Frankfurt,6,7,1995,64.4
Europe,Germany,,Frankfurt,6,8,1995,59.2
Europe,Germany,,Frankfurt,6,9,1995,62.2
Europe,Germany,,Frankfurt,6,12,1995,60.1
Europe,Germany,,Frankfurt,6,13,1995,58.5
Europe,Germany,,Frankfurt,6,14,1995,61.2
Europe,Germany,,Frankfurt,6,16,1995,58.7
Europe,Germany,,Frankfurt,6,19,1995,69.8
Europe,Germany,,Frankfurt,6,20,1995,78.8
Europe,Germany,,Frankfurt,6,21,1995,74.3
Europe,Germany,,Frankfurt,6,22,1995,58.8
Europe,Germany,,Frankfurt,6,23,1995,61.1
Europe,Germany,,Frankfurt,6,26,1995,75.2
Europe,Germany,,Frankfurt,6,27,1995,76.6
Europe,Germany,,Frankfurt,6,28,1995,72.7
Europe,Germany,,Frankfurt,6,29,1995,80.0
Europe,Germany,,Frankfurt,6,30,1995,82.8
Europe,Germany,,Frankfurt,7,5,1995,65.1
Europe,Germany,,Frankfurt,7,6,1995,72.9
Europe,Germany,,Frankfurt,7,7,1995,72.3
Europe,Germany,,Frankfurt,7,10,1995,83.6
Europe,Germany,,Frankfurt,7,11,1995,75.5
Europe,Germany,,Frankfurt,7,12,1995,72.8
Europe,Germany,,Frankfurt,7,13,1995,77.1
Europe,Germany,,Frankfurt,7,14,1995,77.4
Europe,Germany,,Frankfurt,7,17,1995,65.4
Europe,Germany,,Frankfurt,7,18,1995,68.4
Europe,Germany,,Frankfurt,7,19,1995,74.5
Europe,Germany,,Frankfurt,7,20,1995,77.5
Europe,Germany,,Frankfurt,7,21,1995,82.1
Europe,Germany,,Frankfurt,7,24,1995,69.0
Europe,Germany,,Frankfurt,7,25,1995,73.1
Europe,Germany,,Frankfurt,7,26,1995,76.9
Europe,Germany,,Frankfurt,7,27,1995,69.7
Europe,Germany,,Frankfurt,7,28,1995,69.8
Europe,Germany,,Frankfurt,7,31,1995,77.5
Europe,Germany,,Frankfurt,8,1,1995,83.1
Europe,Germany,,Frankfurt,8,2,1995,76.7
Europe,Germany,,Frankfurt,8,3,1995,77.7
Europe,Germany,,Frankfurt,8,4,1995,82.8
Europe,Germany,,Frankfurt,8,7,1995,70.5
Europe,Germany,,Frankfurt,8,8,1995,64.0
Europe,Germany,,Frankfurt,8,9,1995,68.9
Europe,Germany,,Frankfurt,8,10,1995,71.2
Europe,Germany,,Frankfurt,8,11,1995,75.1
Europe,Germany,,Frankfurt,8,14,1995,67.4
Europe,Germany,,Frankfurt,8,15,1995,67.8
Europe,Germany,,Frankfurt,8,16,1995,68.0
Europe,Germany,,Frankfurt,8,17,1995,70.4
Europe,Germany,,Frankfurt,8,18,1995,74.2
Europe,Germany,,Frankfurt,8,21,1995,68.9
Europe,Germany,,Frankfurt,8,22,1995,75.1
Europe,Germany,,Frankfurt,8,23,1995,70.6
Europe,Germany,,Frankfurt,8,24,1995,65.4
Europe,Germany,,Frankfurt,8,25,1995,66.6
Europe,Germany,,Frankfurt,8,28,1995,55.1
Europe,Germany,,Frankfurt,8,29,1995,54.8
Europe,Germany,,Frankfurt,8,30,1995,52.8
Europe,Germany,,Frankfurt,8,31,1995,54.6
Europe,Germany,,Frankfurt,9,5,1995,61.9
Europe,Germany,,Frankfurt,9,6,1995,63.5
Europe,Germany,,Frankfurt,9,7,1995,62.8
Europe,Germany,,Frankfurt,9,8,1995,61.1
Europe,Germany,,Frankfurt,9,11,1995,62.3
Europe,Germany,,Frankfurt,9,12,1995,65.5
Europe,Germany,,Frankfurt,9,13,1995,58.2
Europe,Germany,,Frankfurt,9,14,1995,60.3
Europe,Germany,,Frankfurt,9,15,1995,60.1
Europe,Germany,,Frankfurt,9,18,1995,65.3
Europe,Germany,,Frankfurt,9,19,1995,59.7
Europe,Germany,,Frankfurt,9,20,1995,53.6
Europe,Germany,,Frankfurt,9,21,1995,56.3
Europe,Germany,,Frankfurt,9,22,1995,62.6
Europe,Germany,,Frankfurt,9,25,1995,56.4
Europe,Germany,,Frankfurt,9,26,1995,60.0
Europe,Germany,,Frankfurt,9,27,1995,55.7
Europe,Germany,,Frankfurt,9,28,1995,47.9
Europe,Germany,,Frankfurt,9,29,1995,50.0
Europe,Germany,,Frankfurt,10,2,1995,57.8
Europe,Germany,,Frankfurt,10,4,1995,64.6
Europe,Germany,,Frankfurt,10,5,1995,60.6
Europe,Germany,,Frankfurt,10,10,1995,64.6
Europe,Germany,,Frankfurt,10,11,1995,58.3
Europe,Germany,,Frankfurt,10,12,1995,61.8
Europe,Germany,,Frankfurt,10,13,1995,62.6
Europe,Germany,,Frankfurt,10,16,1995,61.2
Europe,Germany,,Frankfurt,10,17,1995,57.8
Europe,Germany,,Frankfurt,10,18,1995,60.1
Europe,Germany,,Frankfurt,10,19,1995,55.6
Europe,Germany,,Frankfurt,10,20,1995,59.0
Europe,Germany,,Frankfurt,10,23,1995,53.8
Europe,Germany,,Frankfurt,10,24,1995,54.4
Europe,Germany,,Frankfurt,10,25,1995,49.2
Europe,Germany,,Frankfurt,10,26,1995,58.8
Europe,Germany,,Frankfurt,10,27,1995,64.4
Europe,Germany,,Frankfurt,10,30,1995,52.8
Europe,Germany,,Frankfurt,10,31,1995,47.4
Europe,Germany,,Frankfurt,11,1,1995,47.8
Europe,Germany,,Frankfurt,11,2,1995,47.2
Europe,Germany,,Frankfurt,11,3,1995,44.9
Europe,Germany,,Frankfurt,11,6,1995,36.6
Europe,Germany,,Frankfurt,11,7,1995,37.6
Europe,Germany,,Frankfurt,11,8,1995,44.4
Europe,Germany,,Frankfurt,11,9,1995,47.1
Europe,Germany,,Frankfurt,11,10,1995,46.1
Europe,Germany,,Frankfurt,11,13,1995,42.3
Europe,Germany,,Frankfurt,11,14,1995,47.7
Europe,Germany,,Frankfurt,11,15,1995,49.1
Europe,Germany,,Frankfurt,11,16,1995,54.1
Europe,Germany,,Frankfurt,11,17,1995,44.8
Europe,Germany,,Frankfurt,11,20,1995,32.7
Europe,Germany,,Frankfurt,11,21,1995,32.6
Europe,Germany,,Frankfurt,11,22,1995,34.6
Europe,Germany,,Frankfurt,11,27,1995,33.0
Europe,Germany,,Frankfurt,11,28,1995,36.8
Europe,Germany,,Frankfurt,11,29,1995,37.6
Europe,Germany,,Frankfurt,11,30,1995,37.2
Europe,Germany,,Frankfurt,12,1,1995,34.6
Europe,Germany,,Frankfurt,12,4,1995,33.6
Europe,Germany,,Frankfurt,12,5,1995,29.1
Europe,Germany,,Frankfurt,12,6,1995,27.8
Europe,Germany,,Frankfurt,12,7,1995,32.1
Europe,Germany,,Frankfurt,12,8,1995,32.7
Europe,Germany,,Frankfurt,12,11,1995,33.5
Europe,Germany,,Frankfurt,12,12,1995,36.8
Europe,Germany,,Frankfurt,12,13,1995,33.6
Europe,Germany,,Frankfurt,12,14,1995,32.7
Europe,Germany,,Frankfurt,12,15,1995,32.1
Europe,Germany,,Frankfurt,12,18,1995,38.6
Europe,Germany,,Frankfurt,12,19,1995,43.8
Europe,Germany,,Frankfurt,12,20,1995,35.1
Europe,Germany,,Frankfurt,12,21,1995,30.7
Europe,Germany,,Frankfurt,12,22,1995,42.7
Europe,Germany,,Frankfurt,12,24,1995,35.9
Europe,Germany,,Frankfurt,12,25,1995,36.0
Europe,Germany,,Frankfurt,12,26,1995,34.4
Europe,Germany,,Frankfurt,12,27,1995,30.2
Europe,Germany,,Frankfurt,12,28,1995,22.6
Europe,Germany,,Frankfurt,1,2,1996,30.9
Europe,Germany,,Frankfurt,5,28,1996,57.2
Europe,Germany,,Frankfurt,5,29,1996,66.4
Europe,Germany,,Frankfurt,5,30,1996,70.9
Europe,Germany,,Frankfurt,5,31,1996,78.0
Europe,Germany,,Frankfurt,6,3,1996,61.5
Europe,Germany,,Frankfurt,6,4,1996,67.5
Europe,Germany,,Frankfurt,6,5,1996,73.6
Europe,Germany,,Frankfurt,6,10,1996,77.0
Europe,Germany,,Frankfurt,6,11,1996,80.4
Europe,Germany,,Frankfurt,6,12,1996,77.7
Europe,Germany,,Frankfurt,6,13,1996,63.1
Europe,Germany,,Frankfurt,6,14,1996,62.2
Europe,Germany,,Frankfurt,6,17,1996,70.3
Europe,Germany,,Frankfurt,6,18,1996,74.7
Europe,Germany,,Frankfurt,6,19,1996,61.0
Europe,Germany,,Frankfurt,6,20,1996,60.0
Europe,Germany,,Frankfurt,6,21,1996,59.7
Europe,Germany,,Frankfurt,6,24,1996,55.9
Europe,Germany,,Frankfurt,6,25,1996,60.6
Europe,Germany,,Frankfurt,6,26,1996,64.6
Europe,Germany,,Frankfurt,6,27,1996,66.2
Europe,Germany,,Frankfurt,6,28,1996,70.9
Europe,Germany,,Frankfurt,7,1,1996,63.7
Europe,Germany,,Frankfurt,7,2,1996,63.5
Europe,Germany,,Frankfurt,7,3,1996,67.6
Europe,Germany,,Frankfurt,7,8,1996,60.8
Europe,Germany,,Frankfurt,7,9,1996,61.5
Europe,Germany,,Frankfurt,7,10,1996,63.3
Europe,Germany,,Frankfurt,7,11,1996,68.0
Europe,Germany,,Frankfurt,7,12,1996,70.9
Europe,Germany,,Frankfurt,7,15,1996,73.0
Europe,Germany,,Frankfurt,7,16,1996,61.7
Europe,Germany,,Frankfurt,7,17,1996,66.2
Europe,Germany,,Frankfurt,7,18,1996,64.0
Europe,Germany,,Frankfurt,7,19,1996,64.2
Europe,Germany,,Frankfurt,7,22,1996,71.1
Europe,Germany,,Frankfurt,7,23,1996,73.6
Europe,Germany,,Frankfurt,7,24,1996,72.2
Europe,Germany,,Frankfurt,7,25,1996,62.4
Europe,Germany,,Frankfurt,7,26,1996,66.0
Europe,Germany,,Frankfurt,7,29,1996,73.4
Europe,Germany,,Frankfurt,7,30,1996,69.8
Europe,Germany,,Frankfurt,8,1,1996,75.9
Europe,Germany,,Frankfurt,8,2,1996,71.8
Europe,Germany,,Frankfurt,8,5,1996,67.8
Europe,Germany,,Frankfurt,8,6,1996,67.8
Europe,Germany,,Frankfurt,8,7,1996,67.8
Europe,Germany,,Frankfurt,8,8,1996,68.2
Europe,Germany,,Frankfurt,8,9,1996,72.2
Europe,Germany,,Frankfurt,8,12,1996,64.0
Europe,Germany,,Frankfurt,8,13,1996,65.7
Europe,Germany,,Frankfurt,8,14,1996,66.6
Europe,Germany,,Frankfurt,8,15,1996,68.4
Europe,Germany,,Frankfurt,8,19,1996,76.8
Europe,Germany,,Frankfurt,8,20,1996,78.6
Europe,Germany,,Frankfurt,8,21,1996,72.0
Europe,Germany,,Frankfurt,8,22,1996,72.5
Europe,Germany,,Frankfurt,8,23,1996,70.7
Europe,Germany,,Frankfurt,8,26,1996,66.2
Europe,Germany,,Frankfurt,8,27,1996,67.5
Europe,Germany,,Frankfurt,8,28,1996,62.1
Europe,Germany,,Frankfurt,8,29,1996,63.9
Europe,Germany,,Frankfurt,9,3,1996,66.4
Europe,Germany,,Frankfurt,9,4,1996,68.7
Europe,Germany,,Frankfurt,9,5,1996,66.2
Europe,Germany,,Frankfurt,9,6,1996,58.8
Europe,Germany,,Frankfurt,9,9,1996,59.5
Europe,Germany,,Frankfurt,9,10,1996,60.8
Europe,Germany,,Frankfurt,9,11,1996,61.0
Europe,Germany,,Frankfurt,9,12,1996,53.2
Europe,Germany,,Frankfurt,9,13,1996,50.9
Europe,Germany,,Frankfurt,9,16,1996,60.4
Europe,Germany,,Frankfurt,9,17,1996,53.4
Europe,Germany,,Frankfurt,9,18,1996,53.4
Europe,Germany,,Frankfurt,9,19,1996,60.8
Europe,Germany,,Frankfurt,9,20,1996,56.5
Europe,Germany,,Frankfurt,9,23,1996,53.6
Europe,Germany,,Frankfurt,9,24,1996,54.1
Europe,Germany,,Frankfurt,9,25,1996,54.3
Europe,Germany,,Frankfurt,9,26,1996,54.5
Europe,Germany,,Frankfurt,9,27,1996,53.2
Europe,Germany,,Frankfurt,9,30,1996,64.6
Europe,Germany,,Frankfurt,10,1,1996,58.3
Europe,Germany,,Frankfurt,10,2,1996,55.6
Europe,Germany,,Frankfurt,10,4,1996,54.3
Europe,Germany,,Frankfurt,10,7,1996,48.4
Europe,Germany,,Frankfurt,10,8,1996,57.7
Europe,Germany,,Frankfurt,10,9,1996,56.3
Europe,Germany,,Frankfurt,10,10,1996,55.8
Europe,Germany,,Frankfurt,10,11,1996,53.2
Europe,Germany,,Frankfurt,10,15,1996,52.7
Europe,Germany,,Frankfurt,10,16,1996,52.7
Europe,Germany,,Frankfurt,10,17,1996,49.6
Europe,Germany,,Frankfurt,10,18,1996,50.4
Europe,Germany,,Frankfurt,10,21,1996,59.2
Europe,Germany,,Frankfurt,10,22,1996,50.4
Europe,Germany,,Frankfurt,10,23,1996,48.7
Europe,Germany,,Frankfurt,10,24,1996,50.0
Europe,Germany,,Frankfurt,10,25,1996,48.4
Europe,Germany,,Frankfurt,10,28,1996,58.8
Europe,Germany,,Frankfurt,10,29,1996,54.7
Europe,Germany,,Frankfurt,10,30,1996,50.0
Europe,Germany,,Frankfurt,10,31,1996,49.1
Europe,Germany,,Frankfurt,11,1,1996,55.4
Europe,Germany,,Frankfurt,11,4,1996,54.8
Europe,Germany,,Frankfurt,11,5,1996,54.6
Europe,Germany,,Frankfurt,11,6,1996,50.7
Europe,Germany,,Frankfurt,11,7,1996,51.8
Europe,Germany,,Frankfurt,11,12,1996,51.6
Europe,Germany,,Frankfurt,11,13,1996,46.6
Europe,Germany,,Frankfurt,11,14,1996,40.4
Europe,Germany,,Frankfurt,11,15,1996,39.8
Europe,Germany,,Frankfurt,11,18,1996,38.5
Europe,Germany,,Frankfurt,11,19,1996,37.6
Europe,Germany,,Frankfurt,11,20,1996,45.6
Europe,Germany,,Frankfurt,11,21,1996,41.5
Europe,Germany,,Frankfurt,11,22,1996,38.7
Europe,Germany,,Frankfurt,11,25,1996,36.0
Europe,Germany,,Frankfurt,11,26,1996,40.3
Europe,Germany,,Frankfurt,11,27,1996,34.6
Europe,Germany,,Frankfurt,12,2,1996,41.9
Europe,Germany,,Frankfurt,12,3,1996,40.3
Europe,Germany,,Frankfurt,12,4,1996,48.0
Europe,Germany,,Frankfurt,12,5,1996,44.8
Europe,Germany,,Frankfurt,12,6,1996,32.8
Europe,Germany,,Frankfurt,12,9,1996,33.0
Europe,Germany,,Frankfurt,12,10,1996,34.0
Europe,Germany,,Frankfurt,12,11,1996,29.3
Europe,Germany,,Frankfurt,12,12,1996,33.0
Europe,Germany,,Frankfurt,12,13,1996,36.2
Europe,Germany,,Frankfurt,12,15,1996,32.8
Europe,Germany,,Frankfurt,12,16,1996,37.4
Europe,Germany,,Frankfurt,12,17,1996,36.3
Europe,Germany,,Frankfurt,12,18,1996,41.0
Europe,Germany,,Frankfurt,12,19,1996,41.6
Europe,Germany,,Frankfurt,12,20,1996,34.4
Europe,Germany,,Frankfurt,12,23,1996,27.2
Europe,Germany,,Frankfurt,12,24,1996,19.4
Europe,Germany,,Frankfurt,12,27,1996,17.4
Europe,Germany,,Frankfurt,12,30,1996,17.9
Europe,Germany,,Frankfurt,1,3,1997,21.7
Europe,Germany,,Frankfurt,1,6,1997,22.5
Europe,Germany,,Frankfurt,1,7,1997,21.2
Europe,Germany,,Frankfurt,1,8,1997,20.5
Europe,Germany,,Frankfurt,1,9,1997,23.9
Europe,Germany,,Frankfurt,1,10,1997,28.8
Europe,Germany,,Frankfurt,1,13,1997,17.8
Europe,Germany,,Frankfurt,1,14,1997,18.2
Europe,Germany,,Frankfurt,1,15,1997,15.5
Europe,Germany,,Frankfurt,1,16,1997,16.8
Europe,Germany,,Frankfurt,1,21,1997,36.4
Europe,Germany,,Frankfurt,1,22,1997,34.6
Europe,Germany,,Frankfurt,1,23,1997,38.0
Europe,Germany,,Frankfurt,1,24,1997,38.5
Europe,Germany,,Frankfurt,1,27,1997,33.2
Europe,Germany,,Frankfurt,1,28,1997,33.1
Europe,Germany,,Frankfurt,1,29,1997,34.8
Europe,Germany,,Frankfurt,1,30,1997,34.4
Europe,Germany,,Frankfurt,1,31,1997,38.4
Europe,Germany,,Frankfurt,2,3,1997,31.4
Europe,Germany,,Frankfurt,2,4,1997,36.3
Europe,Germany,,Frankfurt,2,5,1997,37.4
Europe,Germany,,Frankfurt,2,6,1997,36.1
Europe,Germany,,Frankfurt,2,7,1997,37.7
Europe,Germany,,Frankfurt,2,10,1997,44.9
Europe,Germany,,Frankfurt,2,11,1997,42.1
Europe,Germany,,Frankfurt,2,12,1997,51.2
Europe,Germany,,Frankfurt,2,13,1997,43.6
Europe,Germany,,Frankfurt,2,14,1997,41.5
Europe,Germany,,Frankfurt,2,18,1997,44.0
Europe,Germany,,Frankfurt,2,19,1997,42.0
Europe,Germany,,Frankfurt,2,20,1997,48.7
Europe,Germany,,Frankfurt,2,21,1997,48.8
Europe,Germany,,Frankfurt,2,24,1997,52.6
Europe,Germany,,Frankfurt,2,25,1997,51.7
Europe,Germany,,Frankfurt,2,26,1997,48.8
Europe,Germany,,Frankfurt,2,27,1997,43.7
Europe,Germany,,Frankfurt,2,28,1997,48.6
Europe,Germany,,Frankfurt,3,3,1997,47.6
Europe,Germany,,Frankfurt,3,4,1997,46.4
Europe,Germany,,Frankfurt,3,5,1997,48.9
Europe,Germany,,Frankfurt,3,6,1997,49.4
Europe,Germany,,Frankfurt,3,7,1997,47.9
Europe,Germany,,Frankfurt,3,10,1997,50.6
Europe,Germany,,Frankfurt,3,11,1997,51.2
Europe,Germany,,Frankfurt,3,12,1997,48.3
Europe,Germany,,Frankfurt,3,13,1997,51.1
Europe,Germany,,Frankfurt,3,14,1997,45.7
Europe,Germany,,Frankfurt,3,17,1997,51.3
Europe,Germany,,Frankfurt,3,18,1997,50.4
Europe,Germany,,Frankfurt,3,19,1997,44.8
Europe,Germany,,Frankfurt,3,20,1997,36.8
Europe,Germany,,Frankfurt,3,21,1997,43.5
Europe,Germany,,Frankfurt,3,24,1997,44.8
Europe,Germany,,Frankfurt,3,25,1997,45.6
Europe,Germany,,Frankfurt,3,26,1997,51.0
Europe,Germany,,Frankfurt,3,27,1997,57.9
Europe,Germany,,Frankfurt,4,1,1997,51.2
Europe,Germany,,Frankfurt,4,2,1997,52.8
Europe,Germany,,Frankfurt,4,3,1997,49.5
Europe,Germany,,Frankfurt,4,4,1997,43.4
Europe,Germany,,Frankfurt,4,7,1997,41.2
Europe,Germany,,Frankfurt,4,8,1997,45.4
Europe,Germany,,Frankfurt,4,9,1997,50.6
Europe,Germany,,Frankfurt,4,10,1997,52.8
Europe,Germany,,Frankfurt,4,11,1997,48.2
Europe,Germany,,Frankfurt,4,14,1997,47.1
Europe,Germany,,Frankfurt,4,15,1997,45.2
Europe,Germany,,Frankfurt,4,16,1997,43.4
Europe,Germany,,Frankfurt,4,17,1997,44.9
Europe,Germany,,Frankfurt,4,18,1997,49.2
Europe,Germany,,Frankfurt,4,21,1997,42.7
Europe,Germany,,Frankfurt,4,22,1997,44.1
Europe,Germany,,Frankfurt,4,23,1997,46.5
Europe,Germany,,Frankfurt,4,24,1997,52.8
Europe,Germany,,Frankfurt,4,25,1997,54.1
Europe,Germany,,Frankfurt,4,28,1997,55.4
Europe,Germany,,Frankfurt,4,29,1997,52.8
Europe,Germany,,Frankfurt,4,30,1997,53.1
Europe,Germany,,Frankfurt,5,2,1997,59.6
Europe,Germany,,Frankfurt,5,5,1997,57.4
Europe,Germany,,Frankfurt,5,6,1997,53.8
Europe,Germany,,Frankfurt,5,7,1997,45.9
Europe,Germany,,Frankfurt,5,9,1997,49.0
Europe,Germany,,Frankfurt,5,12,1997,58.2
Europe,Germany,,Frankfurt,5,13,1997,61.0
Europe,Germany,,Frankfurt,5,14,1997,65.7
Europe,Germany,,Frankfurt,5,15,1997,65.6
Europe,Germany,,Frankfurt,5,16,1997,72.7
Europe,Germany,,Frankfurt,5,19,1997,52.2
Europe,Germany,,Frankfurt,5,20,1997,60.6
Europe,Germany,,Frankfurt,5,21,1997,58.7
Europe,Germany,,Frankfurt,5,22,1997,54.7
Europe,Germany,,Frankfurt,5,27,1997,57.6
Europe,Germany,,Frankfurt,5,28,1997,54.2
Europe,Germany,,Frankfurt,5,29,1997,57.2
Europe,Germany,,Frankfurt,5,30,1997,57.1
Europe,Germany,,Frankfurt,6,2,1997,62.4
Europe,Germany,,Frankfurt,6,3,1997,60.2
Europe,Germany,,Frankfurt,6,4,1997,64.8
Europe,Germany,,Frankfurt,6,5,1997,68.7
Europe,Germany,,Frankfurt,6,6,1997,71.6
Europe,Germany,,Frankfurt,6,9,1997,67.1
Europe,Germany,,Frankfurt,6,10,1997,71.7
Europe,Germany,,Frankfurt,6,11,1997,72.4
Europe,Germany,,Frankfurt,6,12,1997,68.8
Europe,Germany,,Frankfurt,6,13,1997,65.8
Europe,Germany,,Frankfurt,6,16,1997,63.5
Europe,Germany,,Frankfurt,6,17,1997,60.2
Europe,Germany,,Frankfurt,6,18,1997,54.8
Europe,Germany,,Frankfurt,6,19,1997,60.9
Europe,Germany,,Frankfurt,6,20,1997,59.2
Europe,Germany,,Frankfurt,6,23,1997,58.1
Europe,Germany,,Frankfurt,6,24,1997,58.4
Europe,Germany,,Frankfurt,6,25,1997,60.1
Europe,Germany,,Frankfurt,6,26,1997,59.2
Europe,Germany,,Frankfurt,6,27,1997,61.5
Europe,Germany,,Frankfurt,6,30,1997,59.8
Europe,Germany,,Frankfurt,7,1,1997,60.8
Europe,Germany,,Frankfurt,7,2,1997,67.4
Europe,Germany,,Frankfurt,7,3,1997,64.3
Europe,Germany,,Frankfurt,7,8,1997,63.5
Europe,Germany,,Frankfurt,7,9,1997,65.7
Europe,Germany,,Frankfurt,7,10,1997,68.6
Europe,Germany,,Frankfurt,7,11,1997,71.6
Europe,Germany,,Frankfurt,7,14,1997,67.0
Europe,Germany,,Frankfurt,7,15,1997,63.8
Europe,Germany,,Frankfurt,7,16,1997,65.0
Europe,Germany,,Frankfurt,7,17,1997,69.1
Europe,Germany,,Frankfurt,7,18,1997,61.6
Europe,Germany,,Frankfurt,7,21,1997,62.0
Europe,Germany,,Frankfurt,7,22,1997,67.6
Europe,Germany,,Frankfurt,7,23,1997,71.0
Europe,Germany,,Frankfurt,7,24,1997,67.4
Europe,Germany,,Frankfurt,7,25,1997,66.4
Europe,Germany,,Frankfurt,7,28,1997,66.0
Europe,Germany,,Frankfurt,7,29,1997,67.4
Europe,Germany,,Frankfurt,7,30,1997,70.8
Europe,Germany,,Frankfurt,7,31,1997,61.0
Europe,Germany,,Frankfurt,8,1,1997,60.0
Europe,Germany,,Frankfurt,8,4,1997,73.8
Europe,Germany,,Frankfurt,8,5,1997,73.4
Europe,Germany,,Frankfurt,8,6,1997,73.1
Europe,Germany,,Frankfurt,8,7,1997,73.1
Europe,Germany,,Frankfurt,8,8,1997,73.6
Europe,Germany,,Frankfurt,8,11,1997,77.0
Europe,Germany,,Frankfurt,8,12,1997,75.9
Europe,Germany,,Frankfurt,8,13,1997,74.5
Europe,Germany,,Frankfurt,8,14,1997,73.5
Europe,Germany,,Frankfurt,8,15,1997,71.6
Europe,Germany,,Frankfurt,8,18,1997,71.4
Europe,Germany,,Frankfurt,8,19,1997,67.8
Europe,Germany,,Frankfurt,8,20,1997,74.8
Europe,Germany,,Frankfurt,8,21,1997,75.2
Europe,Germany,,Frankfurt,8,22,1997,73.2
Europe,Germany,,Frankfurt,8,25,1997,77.8
Europe,Germany,,Frankfurt,8,26,1997,69.7
Europe,Germany,,Frankfurt,8,27,1997,72.9
Europe,Germany,,Frankfurt,8,28,1997,63.1
Europe,Germany,,Frankfurt,9,2,1997,66.5
Europe,Germany,,Frankfurt,9,3,1997,64.2
Europe,Germany,,Frankfurt,9,4,1997,68.4
Europe,Germany,,Frankfurt,9,5,1997,69.4
Europe,Germany,,Frankfurt,9,8,1997,63.9
Europe,Germany,,Frankfurt,9,9,1997,60.7
Europe,Germany,,Frankfurt,9,10,1997,55.1
Europe,Germany,,Frankfurt,9,11,1997,60.3
Europe,Germany,,Frankfurt,9,12,1997,64.4
Europe,Germany,,Frankfurt,9,15,1997,56.1
Europe,Germany,,Frankfurt,9,16,1997,57.6
Europe,Germany,,Frankfurt,9,17,1997,63.0
Europe,Germany,,Frankfurt,9,18,1997,63.8
Europe,Germany,,Frankfurt,9,19,1997,59.7
Europe,Germany,,Frankfurt,9,22,1997,56.2
Europe,Germany,,Frankfurt,9,23,1997,57.2
Europe,Germany,,Frankfurt,9,24,1997,53.4
Europe,Germany,,Frankfurt,9,25,1997,57.9
Europe,Germany,,Frankfurt,9,26,1997,60.1
Europe,Germany,,Frankfurt,9,29,1997,57.8
Europe,Germany,,Frankfurt,9,30,1997,58.6
Europe,Germany,,Frankfurt,10,1,1997,62.2
Europe,Germany,,Frankfurt,10,2,1997,59.0
Europe,Germany,,Frankfurt,10,3,1997,50.9
Europe,Germany,,Frankfurt,10,6,1997,57.2
Europe,Germany,,Frankfurt,10,7,1997,65.0
Europe,Germany,,Frankfurt,10,8,1997,62.9
Europe,Germany,,Frankfurt,10,9,1997,67.5
Europe,Germany,,Frankfurt,10,13,1997,43.6
Europe,Germany,,Frankfurt,10,14,1997,46.6
Europe,Germany,,Frankfurt,10,15,1997,43.6
Europe,Germany,,Frankfurt,10,16,1997,46.2
Europe,Germany,,Frankfurt,10,17,1997,48.2
Europe,Germany,,Frankfurt,10,20,1997,46.1
Europe,Germany,,Frankfurt,10,21,1997,41.4
Europe,Germany,,Frankfurt,10,22,1997,38.6
Europe,Germany,,Frankfurt,10,23,1997,34.8
Europe,Germany,,Frankfurt,10,24,1997,41.0
Europe,Germany,,Frankfurt,10,27,1997,37.9
Europe,Germany,,Frankfurt,10,28,1997,34.6
Europe,Germany,,Frankfurt,10,29,1997,32.3
Europe,Germany,,Frankfurt,10,30,1997,40.7
Europe,Germany,,Frankfurt,10,31,1997,40.6
Europe,Germany,,Frankfurt,11,3,1997,37.7
Europe,Germany,,Frankfurt,11,4,1997,38.9
Europe,Germany,,Frankfurt,11,5,1997,45.6
Europe,Germany,,Frankfurt,11,6,1997,47.8
Europe,Germany,,Frankfurt,11,7,1997,53.7
Europe,Germany,,Frankfurt,11,12,1997,44.6
Europe,Germany,,Frankfurt,11,13,1997,43.9
Europe,Germany,,Frankfurt,11,14,1997,40.0
Europe,Germany,,Frankfurt,11,17,1997,38.7
Europe,Germany,,Frankfurt,11,18,1997,39.6
Europe,Germany,,Frankfurt,11,19,1997,33.4
Europe,Germany,,Frankfurt,11,20,1997,31.7
Europe,Germany,,Frankfurt,11,21,1997,40.6
Europe,Germany,,Frankfurt,11,24,1997,38.1
Europe,Germany,,Frankfurt,11,25,1997,39.3
Europe,Germany,,Frankfurt,11,26,1997,35.5
Europe,Germany,,Frankfurt,12,1,1997,39.7
Europe,Germany,,Frankfurt,12,2,1997,33.3
Europe,Germany,,Frankfurt,12,3,1997,32.0
Europe,Germany,,Frankfurt,12,4,1997,33.4
Europe,Germany,,Frankfurt,12,5,1997,34.1
Europe,Germany,,Frankfurt,12,8,1997,35.2
Europe,Germany,,Frankfurt,12,9,1997,41.1
Europe,Germany,,Frankfurt,12,10,1997,47.8
Europe,Germany,,Frankfurt,12,11,1997,51.4
Europe,Germany,,Frankfurt,12,12,1997,47.0
Europe,Germany,,Frankfurt,12,15,1997,32.7
Europe,Germany,,Frankfurt,12,16,1997,25.9
Europe,Germany,,Frankfurt,12,17,1997,28.6
Europe,Germany,,Frankfurt,12,18,1997,32.6
Europe,Germany,,Frankfurt,12,19,1997,34.2
Europe,Germany,,Frankfurt,12,22,1997,34.8
Europe,Germany,,Frankfurt,12,23,1997,36.3
Europe,Germany,,Frankfurt,12,24,1997,43.8
Europe,Germany,,Frankfurt,12,29,1997,37.8
Europe,Germany,,Frankfurt,12,30,1997,38.9
Europe,Germany,,Frankfurt,12,31,1997,44.9
Europe,Germany,,Frankfurt,1,5,1998,45.4
Europe,Germany,,Frankfurt,1,6,1998,42.4
Europe,Germany,,Frankfurt,1,7,1998,51.0
Europe,Germany,,Frankfurt,1,8,1998,50.9
Europe,Germany,,Frankfurt,1,9,1998,52.4
Europe,Germany,,Frankfurt,1,12,1998,33.2
Europe,Germany,,Frankfurt,1,13,1998,39.3
Europe,Germany,,Frankfurt,1,14,1998,41.3
Europe,Germany,,Frankfurt,1,15,1998,42.2
Europe,Germany,,Frankfurt,1,16,1998,46.4
Europe,Germany,,Frankfurt,1,20,1998,37.3
Europe,Germany,,Frankfurt,1,21,1998,35.0
Europe,Germany,,Frankfurt,1,22,1998,32.7
Europe,Germany,,Frankfurt,1,23,1998,35.8
Europe,Germany,,Frankfurt,1,26,1998,30.2
Europe,Germany,,Frankfurt,1,27,1998,29.7
Europe,Germany,,Frankfurt,1,28,1998,25.0
Europe,Germany,,Frankfurt,1,29,1998,29.1
Europe,Germany,,Frankfurt,1,30,1998,28.7
Europe,Germany,,Frankfurt,2,2,1998,19.4
Europe,Germany,,Frankfurt,2,3,1998,29.4
Europe,Germany,,Frankfurt,2,4,1998,26.7
Europe,Germany,,Frankfurt,2,5,1998,26.4
Europe,Germany,,Frankfurt,2,6,1998,34.5
Europe,Germany,,Frankfurt,2,9,1998,37.4
Europe,Germany,,Frankfurt,2,10,1998,37.4
Europe,Germany,,Frankfurt,2,11,1998,40.4
Europe,Germany,,Frankfurt,2,12,1998,45.7
Europe,Germany,,Frankfurt,2,17,1998,46.4
Europe,Germany,,Frankfurt,2,18,1998,42.5
Europe,Germany,,Frankfurt,2,19,1998,41.9
Europe,Germany,,Frankfurt,2,20,1998,51.3
Europe,Germany,,Frankfurt,2,23,1998,44.1
Europe,Germany,,Frankfurt,2,24,1998,44.4
Europe,Germany,,Frankfurt,2,25,1998,50.2
Europe,Germany,,Frankfurt,2,26,1998,48.1
Europe,Germany,,Frankfurt,2,27,1998,47.0
Europe,Germany,,Frankfurt,3,2,1998,47.9
Europe,Germany,,Frankfurt,3,3,1998,50.8
Europe,Germany,,Frankfurt,3,4,1998,59.0
Europe,Germany,,Frankfurt,3,5,1998,44.1
Europe,Germany,,Frankfurt,3,6,1998,44.3
Europe,Germany,,Frankfurt,3,9,1998,33.2
Europe,Germany,,Frankfurt,3,10,1998,36.8
Europe,Germany,,Frankfurt,3,11,1998,40.0
Europe,Germany,,Frankfurt,3,12,1998,37.2
Europe,Germany,,Frankfurt,3,13,1998,35.7
Europe,Germany,,Frankfurt,3,14,1998,45.3
Europe,Germany,,Frankfurt,3,16,1998,48.7
Europe,Germany,,Frankfurt,3,17,1998,47.3
Europe,Germany,,Frankfurt,3,18,1998,49.0
Europe,Germany,,Frankfurt,3,19,1998,43.6
Europe,Germany,,Frankfurt,3,20,1998,42.0
Europe,Germany,,Frankfurt,3,23,1998,36.0
Europe,Germany,,Frankfurt,3,24,1998,40.6
Europe,Germany,,Frankfurt,3,25,1998,39.6
Europe,Germany,,Frankfurt,3,26,1998,42.8
Europe,Germany,,Frankfurt,3,30,1998,62.3
Europe,Germany,,Frankfurt,3,31,1998,58.5
Europe,Germany,,Frankfurt,4,1,1998,56.8
Europe,Germany,,Frankfurt,4,2,1998,55.5
Europe,Germany,,Frankfurt,4,3,1998,52.0
Europe,Germany,,Frankfurt,4,6,1998,49.1
Europe,Germany,,Frankfurt,4,7,1998,47.2
Europe,Germany,,Frankfurt,4,8,1998,48.1
Europe,Germany,,Frankfurt,4,14,1998,40.6
Europe,Germany,,Frankfurt,4,15,1998,44.5
Europe,Germany,,Frankfurt,4,16,1998,45.8
Europe,Germany,,Frankfurt,4,17,1998,49.5
Europe,Germany,,Frankfurt,4,20,1998,49.4
Europe,Germany,,Frankfurt,4,21,1998,52.9
Europe,Germany,,Frankfurt,4,22,1998,58.0
Europe,Germany,,Frankfurt,4,23,1998,59.8
Europe,Germany,,Frankfurt,4,24,1998,56.6
Europe,Germany,,Frankfurt,4,27,1998,58.3
Europe,Germany,,Frankfurt,4,28,1998,50.5
Europe,Germany,,Frankfurt,4,29,1998,51.4
Europe,Germany,,Frankfurt,4,30,1998,59.8
Europe,Germany,,Frankfurt,5,4,1998,49.1
Europe,Germany,,Frankfurt,5,5,1998,50.4
Europe,Germany,,Frankfurt,5,6,1998,54.0
Europe,Germany,,Frankfurt,5,7,1998,58.6
Europe,Germany,,Frankfurt,5,8,1998,62.4
Europe,Germany,,Frankfurt,5,11,1998,74.8
Europe,Germany,,Frankfurt,5,12,1998,72.4
Europe,Germany,,Frankfurt,5,13,1998,70.8
Europe,Germany,,Frankfurt,5,14,1998,67.5
Europe,Germany,,Frankfurt,5,15,1998,64.4
Europe,Germany,,Frankfurt,5,18,1998,62.4
Europe,Germany,,Frankfurt,5,19,1998,64.9
Europe,Germany,,Frankfurt,5,20,1998,64.4
Europe,Germany,,Frankfurt,5,21,1998,58.1
Europe,Germany,,Frankfurt,5,26,1998,59.8
Europe,Germany,,Frankfurt,5,27,1998,60.0
Europe,Germany,,Frankfurt,5,28,1998,66.5
Europe,Germany,,Frankfurt,5,29,1998,63.8
Europe,Germany,,Frankfurt,6,1,1998,59.8
Europe,Germany,,Frankfurt,6,2,1998,69.3
Europe,Germany,,Frankfurt,6,3,1998,65.9
Europe,Germany,,Frankfurt,6,4,1998,66.3
Europe,Germany,,Frankfurt,6,5,1998,74.9
Europe,Germany,,Frankfurt,6,8,1998,62.3
Europe,Germany,,Frankfurt,6,9,1998,64.3
Europe,Germany,,Frankfurt,6,10,1998,62.9
Europe,Germany,,Frankfurt,6,15,1998,58.3
Europe,Germany,,Frankfurt,6,16,1998,59.8
Europe,Germany,,Frankfurt,6,17,1998,59.2
Europe,Germany,,Frankfurt,6,18,1998,60.6
Europe,Germany,,Frankfurt,6,19,1998,66.5
Europe,Germany,,Frankfurt,6,22,1998,70.1
Europe,Germany,,Frankfurt,6,23,1998,65.9
Europe,Germany,,Frankfurt,6,24,1998,67.1
Europe,Germany,,Frankfurt,6,25,1998,73.7
Europe,Germany,,Frankfurt,6,26,1998,65.8
Europe,Germany,,Frankfurt,6,29,1998,63.9
Europe,Germany,,Frankfurt,6,30,1998,65.6
Europe,Germany,,Frankfurt,7,1,1998,62.8
Europe,Germany,,Frankfurt,7,2,1998,61.9
Europe,Germany,,Frankfurt,7,7,1998,56.1
Europe,Germany,,Frankfurt,7,8,1998,54.7
Europe,Germany,,Frankfurt,7,9,1998,58.8
Europe,Germany,,Frankfurt,7,10,1998,65.0
Europe,Germany,,Frankfurt,7,13,1998,63.0
Europe,Germany,,Frankfurt,7,14,1998,59.8
Europe,Germany,,Frankfurt,7,15,1998,61.3
Europe,Germany,,Frankfurt,7,16,1998,57.0
Europe,Germany,,Frankfurt,7,17,1998,60.6
Europe,Germany,,Frankfurt,7,20,1998,80.6
Europe,Germany,,Frankfurt,7,21,1998,74.3
Europe,Germany,,Frankfurt,7,22,1998,72.3
Europe,Germany,,Frankfurt,7,23,1998,68.0
Europe,Germany,,Frankfurt,7,24,1998,69.5
Europe,Germany,,Frankfurt,7,27,1998,70.3
Europe,Germany,,Frankfurt,7,28,1998,62.4
Europe,Germany,,Frankfurt,7,29,1998,61.4
Europe,Germany,,Frankfurt,7,30,1998,67.4
Europe,Germany,,Frankfurt,7,31,1998,66.5
Europe,Germany,,Frankfurt,8,3,1998,65.7
Europe,Germany,,Frankfurt,8,4,1998,64.8
Europe,Germany,,Frankfurt,8,5,1998,63.8
Europe,Germany,,Frankfurt,8,6,1998,69.4
Europe,Germany,,Frankfurt,8,7,1998,71.3
Europe,Germany,,Frankfurt,8,10,1998,77.4
Europe,Germany,,Frankfurt,8,11,1998,85.2
Europe,Germany,,Frankfurt,8,12,1998,82.1
Europe,Germany,,Frankfurt,8,13,1998,70.2
Europe,Germany,,Frankfurt,8,14,1998,71.6
Europe,Germany,,Frankfurt,8,17,1998,71.9
Europe,Germany,,Frankfurt,8,18,1998,68.6
Europe,Germany,,Frankfurt,8,19,1998,67.8
Europe,Germany,,Frankfurt,8,20,1998,68.2
Europe,Germany,,Frankfurt,8,21,1998,60.0
Europe,Germany,,Frankfurt,8,24,1998,59.5
Europe,Germany,,Frankfurt,8,25,1998,57.4
Europe,Germany,,Frankfurt,8,26,1998,62.2
Europe,Germany,,Frankfurt,8,27,1998,55.0
Europe,Germany,,Frankfurt,8,28,1998,53.6
Europe,Germany,,Frankfurt,8,31,1998,61.6
Europe,Germany,,Frankfurt,9,1,1998,61.9
Europe,Germany,,Frankfurt,9,2,1998,60.8
Europe,Germany,,Frankfurt,9,3,1998,63.3
Europe,Germany,,Frankfurt,9,8,1998,63.3
Europe,Germany,,Frankfurt,9,9,1998,68.5
Europe,Germany,,Frankfurt,9,10,1998,64.3
Europe,Germany,,Frankfurt,9,11,1998,62.1
Europe,Germany,,Frankfurt,9,14,1998,49.9
Europe,Germany,,Frankfurt,9,15,1998,53.2
Europe,Germany,,Frankfurt,9,16,1998,56.3
Europe,Germany,,Frankfurt,9,17,1998,53.6
Europe,Germany,,Frankfurt,9,18,1998,55.8
Europe,Germany,,Frankfurt,9,21,1998,57.1
Europe,Germany,,Frankfurt,9,22,1998,58.3
Europe,Germany,,Frankfurt,9,23,1998,57.7
Europe,Germany,,Frankfurt,9,24,1998,59.0
Europe,Germany,,Frankfurt,9,25,1998,57.0
Europe,Germany,,Frankfurt,9,28,1998,59.3
Europe,Germany,,Frankfurt,9,29,1998,59.0
Europe,Germany,,Frankfurt,9,30,1998,56.7
Europe,Germany,,Frankfurt,10,1,1998,57.1
Europe,Germany,,Frankfurt,10,2,1998,46.2
Europe,Germany,,Frankfurt,10,5,1998,52.0
Europe,Germany,,Frankfurt,10,6,1998,47.5
Europe,Germany,,Frankfurt,10,7,1998,47.4
Europe,Germany,,Frankfurt,10,8,1998,49.9
Europe,Germany,,Frankfurt,10,9,1998,47.3
Europe,Germany,,Frankfurt,10,13,1998,52.8
Europe,Germany,,Frankfurt,10,14,1998,54.6
Europe,Germany,,Frankfurt,10,15,1998,58.1
Europe,Germany,,Frankfurt,10,16,1998,48.5
Europe,Germany,,Frankfurt,10,19,1998,44.9
Europe,Germany,,Frankfurt,10,20,1998,45.8
Europe,Germany,,Frankfurt,10,21,1998,49.8
Europe,Germany,,Frankfurt,10,22,1998,55.0
Europe,Germany,,Frankfurt,10,26,1998,46.6
Europe,Germany,,Frankfurt,10,27,1998,47.8
Europe,Germany,,Frankfurt,10,28,1998,54.9
Europe,Germany,,Frankfurt,10,29,1998,48.8
Europe,Germany,,Frankfurt,10,30,1998,47.4
Europe,Germany,,Frankfurt,11,2,1998,44.6
Europe,Germany,,Frankfurt,11,3,1998,49.3
Europe,Germany,,Frankfurt,11,4,1998,48.2
Europe,Germany,,Frankfurt,11,5,1998,40.8
Europe,Germany,,Frankfurt,11,9,1998,50.1
Europe,Germany,,Frankfurt,11,10,1998,52.0
Europe,Germany,,Frankfurt,11,11,1998,42.8
Europe,Germany,,Frankfurt,11,12,1998,36.1
Europe,Germany,,Frankfurt,11,13,1998,41.4
Europe,Germany,,Frankfurt,11,16,1998,38.8
Europe,Germany,,Frankfurt,11,17,1998,35.1
Europe,Germany,,Frankfurt,11,18,1998,32.4
Europe,Germany,,Frankfurt,11,19,1998,31.3
Europe,Germany,,Frankfurt,11,20,1998,28.9
Europe,Germany,,Frankfurt,11,23,1998,26.1
Europe,Germany,,Frankfurt,11,24,1998,31.0
Europe,Germany,,Frankfurt,11,25,1998,32.1
Europe,Germany,,Frankfurt,11,30,1998,34.4
Europe,Germany,,Frankfurt,12,1,1998,30.1
Europe,Germany,,Frankfurt,12,2,1998,28.5
Europe,Germany,,Frankfurt,12,3,1998,30.2
Europe,Germany,,Frankfurt,12,4,1998,29.4
Europe,Germany,,Frankfurt,12,7,1998,30.3
Europe,Germany,,Frankfurt,12,8,1998,23.8
Europe,Germany,,Frankfurt,12,9,1998,29.0
Europe,Germany,,Frankfurt,12,10,1998,28.0
Europe,Germany,,Frankfurt,12,11,1998,32.2
Europe,Germany,,Frankfurt,12,14,1998,46.3
Europe,Germany,,Frankfurt,12,15,1998,45.2
Europe,Germany,,Frankfurt,12,16,1998,42.5
Europe,Germany,,Frankfurt,12,17,1998,32.9
Europe,Germany,,Frankfurt,12,18,1998,31.7
Europe,Germany,,Frankfurt,12,21,1998,30.7
Europe,Germany,,Frankfurt,12,22,1998,34.0
Europe,Germany,,Frankfurt,12,23,1998,35.8
Europe,Germany,,Frankfurt,1,4,1999,48.4
Europe,Germany,,Frankfurt,1,5,1999,53.7
Europe,Germany,,Frankfurt,1,6,1999,42.4
Europe,Germany,,Frankfurt,1,7,1999,45.3
Europe,Germany,,Frankfurt,1,8,1999,43.8
Europe,Germany,,Frankfurt,1,11,1999,32.0
Europe,Germany,,Frankfurt,1,12,1999,30.8
Europe,Germany,,Frankfurt,1,13,1999,34.4
Europe,Germany,,Frankfurt,1,14,1999,38.8
Europe,Germany,,Frankfurt,1,19,1999,43.3
Europe,Germany,,Frankfurt,1,20,1999,36.4
Europe,Germany,,Frankfurt,1,21,1999,34.1
Europe,Germany,,Frankfurt,1,22,1999,36.9
Europe,Germany,,Frankfurt,1,25,1999,49.3
Europe,Germany,,Frankfurt,1,26,1999,40.9
Europe,Germany,,Frankfurt,1,27,1999,38.9
Europe,Germany,,Frankfurt,1,28,1999,37.7
Europe,Germany,,Frankfurt,1,29,1999,31.2
Europe,Germany,,Frankfurt,2,2,1999,33.0
Europe,Germany,,Frankfurt,2,3,1999,38.7
Europe,Germany,,Frankfurt,2,4,1999,45.4
Europe,Germany,,Frankfurt,2,5,1999,41.8
Europe,Germany,,Frankfurt,2,8,1999,33.0
Europe,Germany,,Frankfurt,2,9,1999,29.9
Europe,Germany,,Frankfurt,2,10,1999,28.3
Europe,Germany,,Frankfurt,2,11,1999,30.1
Europe,Germany,,Frankfurt,2,16,1999,38.9
Europe,Germany,,Frankfurt,2,17,1999,33.8
Europe,Germany,,Frankfurt,2,18,1999,34.2
Europe,Germany,,Frankfurt,2,19,1999,43.1
Europe,Germany,,Frankfurt,2,22,1999,36.0
Europe,Germany,,Frankfurt,2,23,1999,36.4
Europe,Germany,,Frankfurt,2,24,1999,36.8
Europe,Germany,,Frankfurt,2,25,1999,30.8
Europe,Germany,,Frankfurt,3,1,1999,46.0
Europe,Germany,,Frankfurt,3,2,1999,51.0
Europe,Germany,,Frankfurt,3,3,1999,50.8
Europe,Germany,,Frankfurt,3,4,1999,44.7
Europe,Germany,,Frankfurt,3,5,1999,43.1
Europe,Germany,,Frankfurt,3,8,1999,41.4
Europe,Germany,,Frankfurt,3,9,1999,43.5
Europe,Germany,,Frankfurt,3,10,1999,41.1
Europe,Germany,,Frankfurt,3,11,1999,39.1
Europe,Germany,,Frankfurt,3,12,1999,45.4
Europe,Germany,,Frankfurt,3,15,1999,46.7
Europe,Germany,,Frankfurt,3,16,1999,42.1
Europe,Germany,,Frankfurt,3,17,1999,39.9
Europe,Germany,,Frankfurt,3,18,1999,40.9
Europe,Germany,,Frankfurt,3,22,1999,43.8
Europe,Germany,,Frankfurt,3,23,1999,41.2
Europe,Germany,,Frankfurt,3,24,1999,51.3
Europe,Germany,,Frankfurt,3,25,1999,52.6
Europe,Germany,,Frankfurt,3,29,1999,45.8
Europe,Germany,,Frankfurt,3,30,1999,50.1
Europe,Germany,,Frankfurt,3,31,1999,49.0
Europe,Germany,,Frankfurt,4,1,1999,58.1
Europe,Germany,,Frankfurt,4,6,1999,59.7
Europe,Germany,,Frankfurt,4,7,1999,50.4
Europe,Germany,,Frankfurt,4,8,1999,49.0
Europe,Germany,,Frankfurt,4,9,1999,51.8
Europe,Germany,,Frankfurt,4,12,1999,46.4
Europe,Germany,,Frankfurt,4,13,1999,45.6
Europe,Germany,,Frankfurt,4,14,1999,41.9
Europe,Germany,,Frankfurt,4,15,1999,40.9
Europe,Germany,,Frankfurt,4,16,1999,43.4
Europe,Germany,,Frankfurt,4,19,1999,42.1
Europe,Germany,,Frankfurt,4,20,1999,46.7
Europe,Germany,,Frankfurt,4,21,1999,54.4
Europe,Germany,,Frankfurt,4,22,1999,54.9
Europe,Germany,,Frankfurt,4,26,1999,60.7
Europe,Germany,,Frankfurt,4,27,1999,58.2
Europe,Germany,,Frankfurt,4,28,1999,57.4
Europe,Germany,,Frankfurt,4,29,1999,59.3
Europe,Germany,,Frankfurt,4,30,1999,58.2
Europe,Germany,,Frankfurt,5,3,1999,60.8
Europe,Germany,,Frankfurt,5,4,1999,59.0
Europe,Germany,,Frankfurt,5,5,1999,53.9
Europe,Germany,,Frankfurt,5,6,1999,50.1
Europe,Germany,,Frankfurt,5,7,1999,57.1
Europe,Germany,,Frankfurt,5,10,1999,59.9
Europe,Germany,,Frankfurt,5,11,1999,57.5
Europe,Germany,,Frankfurt,5,12,1999,59.5
Europe,Germany,,Frankfurt,5,14,1999,58.7
Europe,Germany,,Frankfurt,5,17,1999,59.1
Europe,Germany,,Frankfurt,5,18,1999,65.1
Europe,Germany,,Frankfurt,5,19,1999,60.8
Europe,Germany,,Frankfurt,5,20,1999,58.8
Europe,Germany,,Frankfurt,5,21,1999,60.7
Europe,Germany,,Frankfurt,5,25,1999,61.7
Europe,Germany,,Frankfurt,5,26,1999,63.5
Europe,Germany,,Frankfurt,5,27,1999,71.7
Europe,Germany,,Frankfurt,6,1,1999,70.0
Europe,Germany,,Frankfurt,6,2,1999,71.9
Europe,Germany,,Frankfurt,6,4,1999,64.7
Europe,Germany,,Frankfurt,6,7,1999,63.4
Europe,Germany,,Frankfurt,6,8,1999,57.2
Europe,Germany,,Frankfurt,6,9,1999,58.7
Europe,Germany,,Frankfurt,6,10,1999,63.3
Europe,Germany,,Frankfurt,6,14,1999,68.0
Europe,Germany,,Frankfurt,6,15,1999,67.1
Europe,Germany,,Frankfurt,6,16,1999,68.3
Europe,Germany,,Frankfurt,6,17,1999,70.1
Europe,Germany,,Frankfurt,6,21,1999,59.0
Europe,Germany,,Frankfurt,6,22,1999,58.0
Europe,Germany,,Frankfurt,6,23,1999,59.4
Europe,Germany,,Frankfurt,6,24,1999,65.0
Europe,Germany,,Frankfurt,6,25,1999,65.5
Europe,Germany,,Frankfurt,6,28,1999,66.0
Europe,Germany,,Frankfurt,6,29,1999,68.6
Europe,Germany,,Frankfurt,6,30,1999,67.3
Europe,Germany,,Frankfurt,7,1,1999,69.4
Europe,Germany,,Frankfurt,7,6,1999,64.6
Europe,Germany,,Frankfurt,7,7,1999,65.5
Europe,Germany,,Frankfurt,7,8,1999,65.0
Europe,Germany,,Frankfurt,7,9,1999,66.7
Europe,Germany,,Frankfurt,7,12,1999,73.0
Europe,Germany,,Frankfurt,7,13,1999,71.3
Europe,Germany,,Frankfurt,7,14,1999,68.0
Europe,Germany,,Frankfurt,7,15,1999,64.1
Europe,Germany,,Frankfurt,7,16,1999,66.5
Europe,Germany,,Frankfurt,7,19,1999,80.8
Europe,Germany,,Frankfurt,7,20,1999,76.2
Europe,Germany,,Frankfurt,7,21,1999,71.0
Europe,Germany,,Frankfurt,7,22,1999,63.7
Europe,Germany,,Frankfurt,7,23,1999,61.3
Europe,Germany,,Frankfurt,7,26,1999,74.0
Europe,Germany,,Frankfurt,7,27,1999,71.8
Europe,Germany,,Frankfurt,7,28,1999,72.8
Europe,Germany,,Frankfurt,7,29,1999,74.0
Europe,Germany,,Frankfurt,7,30,1999,73.0
Europe,Germany,,Frankfurt,8,3,1999,72.7
Europe,Germany,,Frankfurt,8,4,1999,75.0
Europe,Germany,,Frankfurt,8,5,1999,72.0
Europe,Germany,,Frankfurt,8,6,1999,74.2
Europe,Germany,,Frankfurt,8,9,1999,69.7
Europe,Germany,,Frankfurt,8,10,1999,68.6
Europe,Germany,,Frankfurt,8,11,1999,63.5
Europe,Germany,,Frankfurt,8,12,1999,62.7
Europe,Germany,,Frankfurt,8,16,1999,65.9
Europe,Germany,,Frankfurt,8,17,1999,67.0
Europe,Germany,,Frankfurt,8,18,1999,65.7
Europe,Germany,,Frankfurt,8,19,1999,68.8
Europe,Germany,,Frankfurt,8,20,1999,67.9
Europe,Germany,,Frankfurt,8,23,1999,68.7
Europe,Germany,,Frankfurt,8,24,1999,73.3
Europe,Germany,,Frankfurt,8,25,1999,77.3
Europe,Germany,,Frankfurt,8,26,1999,70.0
Europe,Germany,,Frankfurt,8,30,1999,71.3
Europe,Germany,,Frankfurt,8,31,1999,68.2
Europe,Germany,,Frankfurt,9,1,1999,66.4
Europe,Germany,,Frankfurt,9,2,1999,69.2
Europe,Germany,,Frankfurt,9,7,1999,73.2
Europe,Germany,,Frankfurt,9,8,1999,74.8
Europe,Germany,,Frankfurt,9,9,1999,76.7
Europe,Germany,,Frankfurt,9,10,1999,78.6
Europe,Germany,,Frankfurt,9,13,1999,74.7
Europe,Germany,,Frankfurt,9,14,1999,79.3
Europe,Germany,,Frankfurt,9,15,1999,80.2
Europe,Germany,,Frankfurt,9,16,1999,68.9
Europe,Germany,,Frankfurt,9,17,1999,67.8
Europe,Germany,,Frankfurt,9,20,1999,70.4
Europe,Germany,,Frankfurt,9,21,1999,68.3
Europe,Germany,,Frankfurt,9,22,1999,68.0
Europe,Germany,,Frankfurt,9,23,1999,72.6
Europe,Germany,,Frankfurt,9,24,1999,74.4
Europe,Germany,,Frankfurt,9,27,1999,67.8
Europe,Germany,,Frankfurt,9,28,1999,65.2
Europe,Germany,,Frankfurt,9,29,1999,63.0
Europe,Germany,,Frankfurt,9,30,1999,63.0
Europe,Germany,,Frankfurt,10,1,1999,61.6
Europe,Germany,,Frankfurt,10,2,1999,67.3
Europe,Germany,,Frankfurt,10,4,1999,55.4
Europe,Germany,,Frankfurt,10,5,1999,52.6
Europe,Germany,,Frankfurt,10,6,1999,52.6
Europe,Germany,,Frankfurt,10,7,1999,54.6
Europe,Germany,,Frankfurt,10,12,1999,60.3
Europe,Germany,,Frankfurt,10,13,1999,57.5
Europe,Germany,,Frankfurt,10,14,1999,54.0
Europe,Germany,,Frankfurt,10,15,1999,58.3
Europe,Germany,,Frankfurt,10,18,1999,45.4
Europe,Germany,,Frankfurt,10,19,1999,48.3
Europe,Germany,,Frankfurt,10,20,1999,50.3
Europe,Germany,,Frankfurt,10,21,1999,53.0
Europe,Germany,,Frankfurt,10,22,1999,53.6
Europe,Germany,,Frankfurt,10,23,1999,59.5
Europe,Germany,,Frankfurt,10,24,1999,50.0
Europe,Germany,,Frankfurt,10,25,1999,57.2
Europe,Germany,,Frankfurt,10,26,1999,57.4
Europe,Germany,,Frankfurt,10,27,1999,57.1
Europe,Germany,,Frankfurt,10,28,1999,49.8
Europe,Germany,,Frankfurt,10,29,1999,56.3
Europe,Germany,,Frankfurt,11,1,1999,56.3
Europe,Germany,,Frankfurt,11,2,1999,59.0
Europe,Germany,,Frankfurt,11,3,1999,48.8
Europe,Germany,,Frankfurt,11,4,1999,47.9
Europe,Germany,,Frankfurt,11,5,1999,52.6
Europe,Germany,,Frankfurt,11,8,1999,50.3
Europe,Germany,,Frankfurt,11,9,1999,48.7
Europe,Germany,,Frankfurt,11,10,1999,48.1
Europe,Germany,,Frankfurt,11,15,1999,38.1
Europe,Germany,,Frankfurt,11,16,1999,36.3
Europe,Germany,,Frankfurt,11,17,1999,39.4
Europe,Germany,,Frankfurt,11,18,1999,39.2
Europe,Germany,,Frankfurt,11,19,1999,37.6
Europe,Germany,,Frankfurt,11,22,1999,31.7
Europe,Germany,,Frankfurt,11,23,1999,38.6
Europe,Germany,,Frankfurt,11,24,1999,41.0
Europe,Germany,,Frankfurt,11,29,1999,40.6
Europe,Germany,,Frankfurt,11,30,1999,43.8
Europe,Germany,,Frankfurt,12,1,1999,48.9
Europe,Germany,,Frankfurt,12,2,1999,47.5
Europe,Germany,,Frankfurt,12,3,1999,48.9
Europe,Germany,,Frankfurt,12,6,1999,40.5
Europe,Germany,,Frankfurt,12,7,1999,46.9
Europe,Germany,,Frankfurt,12,8,1999,49.6
Europe,Germany,,Frankfurt,12,9,1999,51.2
Europe,Germany,,Frankfurt,12,10,1999,48.0
Europe,Germany,,Frankfurt,12,13,1999,45.7
Europe,Germany,,Frankfurt,12,14,1999,41.6
Europe,Germany,,Frankfurt,12,15,1999,37.5
Europe,Germany,,Frankfurt,12,16,1999,32.9
Europe,Germany,,Frankfurt,12,17,1999,36.2
Europe,Germany,,Frankfurt,12,20,1999,35.3
Europe,Germany,,Frankfurt,12,21,1999,33.8
Europe,Germany,,Frankfurt,12,22,1999,29.8
Europe,Germany,,Frankfurt,12,23,1999,28.8
Europe,Germany,,Frankfurt,12,28,1999,41.0
Europe,Germany,,Frankfurt,12,29,1999,41.2
Europe,Germany,,Frankfurt,1,3,2000,42.1
Europe,Germany,,Frankfurt,1,4,2000,46.4
Europe,Germany,,Frankfurt,1,5,2000,45.0
Europe,Germany,,Frankfurt,1,6,2000,40.2
Europe,Germany,,Frankfurt,1,7,2000,46.6
Europe,Germany,,Frankfurt,1,10,2000,40.1
Europe,Germany,,Frankfurt,1,11,2000,39.0
Europe,Germany,,Frankfurt,1,12,2000,38.3
Europe,Germany,,Frankfurt,1,13,2000,36.0
Europe,Germany,,Frankfurt,1,18,2000,46.3
Europe,Germany,,Frankfurt,1,19,2000,39.0
Europe,Germany,,Frankfurt,1,20,2000,39.8
Europe,Germany,,Frankfurt,1,21,2000,44.4
Europe,Germany,,Frankfurt,1,24,2000,25.9
Europe,Germany,,Frankfurt,1,25,2000,25.8
Europe,Germany,,Frankfurt,1,26,2000,29.2
Europe,Germany,,Frankfurt,1,27,2000,30.0
Europe,Germany,,Frankfurt,1,28,2000,32.0
Europe,Germany,,Frankfurt,2,1,2000,49.9
Europe,Germany,,Frankfurt,2,2,2000,48.5
Europe,Germany,,Frankfurt,2,3,2000,44.5
Europe,Germany,,Frankfurt,2,4,2000,46.1
Europe,Germany,,Frankfurt,2,7,2000,51.6
Europe,Germany,,Frankfurt,2,8,2000,54.1
Europe,Germany,,Frankfurt,2,9,2000,45.4
Europe,Germany,,Frankfurt,2,10,2000,49.1
Europe,Germany,,Frankfurt,2,11,2000,46.2
Europe,Germany,,Frankfurt,2,14,2000,43.2
Europe,Germany,,Frankfurt,2,15,2000,51.6
Europe,Germany,,Frankfurt,2,16,2000,42.5
Europe,Germany,,Frankfurt,2,17,2000,40.0
Europe,Germany,,Frankfurt,2,22,2000,41.8
Europe,Germany,,Frankfurt,2,23,2000,43.6
Europe,Germany,,Frankfurt,2,24,2000,45.7
Europe,Germany,,Frankfurt,2,25,2000,50.8
Europe,Germany,,Frankfurt,2,28,2000,56.5
Europe,Germany,,Frankfurt,2,29,2000,48.4
Europe,Germany,,Frankfurt,3,1,2000,45.7
Europe,Germany,,Frankfurt,3,2,2000,43.8
Europe,Germany,,Frankfurt,3,3,2000,46.9
Europe,Germany,,Frankfurt,3,6,2000,48.2
Europe,Germany,,Frankfurt,3,7,2000,51.7
Europe,Germany,,Frankfurt,3,8,2000,54.4
Europe,Germany,,Frankfurt,3,9,2000,58.2
Europe,Germany,,Frankfurt,3,10,2000,50.2
Europe,Germany,,Frankfurt,3,13,2000,54.3
Europe,Germany,,Frankfurt,3,14,2000,53.4
Europe,Germany,,Frankfurt,3,15,2000,45.7
Europe,Germany,,Frankfurt,3,16,2000,50.5
Europe,Germany,,Frankfurt,3,17,2000,52.6
Europe,Germany,,Frankfurt,3,20,2000,51.4
Europe,Germany,,Frankfurt,3,21,2000,52.8
Europe,Germany,,Frankfurt,3,22,2000,55.2
Europe,Germany,,Frankfurt,3,23,2000,58.6
Europe,Germany,,Frankfurt,3,24,2000,60.3
Europe,Germany,,Frankfurt,3,27,2000,48.8
Europe,Germany,,Frankfurt,3,28,2000,44.1
Europe,Germany,,Frankfurt,3,29,2000,52.8
Europe,Germany,,Frankfurt,3,30,2000,50.0
Europe,Germany,,Frankfurt,3,31,2000,48.2
Europe,Germany,,Frankfurt,4,3,2000,62.4
Europe,Germany,,Frankfurt,4,4,2000,59.1
Europe,Germany,,Frankfurt,4,5,2000,49.4
Europe,Germany,,Frankfurt,4,6,2000,46.4
Europe,Germany,,Frankfurt,4,7,2000,50.0
Europe,Germany,,Frankfurt,4,10,2000,54.3
Europe,Germany,,Frankfurt,4,11,2000,55.5
Europe,Germany,,Frankfurt,4,12,2000,49.9
Europe,Germany,,Frankfurt,4,13,2000,53.6
Europe,Germany,,Frankfurt,4,17,2000,59.6
Europe,Germany,,Frankfurt,4,18,2000,57.2
Europe,Germany,,Frankfurt,4,19,2000,59.5
Europe,Germany,,Frankfurt,4,20,2000,64.6
Europe,Germany,,Frankfurt,4,25,2000,65.0
Europe,Germany,,Frankfurt,4,26,2000,72.0
Europe,Germany,,Frankfurt,4,27,2000,73.2
Europe,Germany,,Frankfurt,4,28,2000,71.1
Europe,Germany,,Frankfurt,5,2,2000,68.2
Europe,Germany,,Frankfurt,5,3,2000,74.3
Europe,Germany,,Frankfurt,5,4,2000,65.1
Europe,Germany,,Frankfurt,5,5,2000,68.5
Europe,Germany,,Frankfurt,5,8,2000,66.9
Europe,Germany,,Frankfurt,5,9,2000,68.3
Europe,Germany,,Frankfurt,5,10,2000,71.9
Europe,Germany,,Frankfurt,5,11,2000,74.9
Europe,Germany,,Frankfurt,5,12,2000,68.8
Europe,Germany,,Frankfurt,5,15,2000,71.6
Europe,Germany,,Frankfurt,5,16,2000,73.8
Europe,Germany,,Frankfurt,5,17,2000,65.8
Europe,Germany,,Frankfurt,5,18,2000,57.9
Europe,Germany,,Frankfurt,5,19,2000,54.1
Europe,Germany,,Frankfurt,5,22,2000,53.6
Europe,Germany,,Frankfurt,5,23,2000,59.4
Europe,Germany,,Frankfurt,5,24,2000,66.5
Europe,Germany,,Frankfurt,5,25,2000,66.0
Europe,Germany,,Frankfurt,5,30,2000,52.9
Europe,Germany,,Frankfurt,5,31,2000,58.0
Europe,Germany,,Frankfurt,6,2,2000,73.4
Europe,Germany,,Frankfurt,6,5,2000,69.9
Europe,Germany,,Frankfurt,6,6,2000,60.7
Europe,Germany,,Frankfurt,6,7,2000,60.1
Europe,Germany,,Frankfurt,6,8,2000,66.1
Europe,Germany,,Frankfurt,6,9,2000,75.4
Europe,Germany,,Frankfurt,6,13,2000,73.9
Europe,Germany,,Frankfurt,6,14,2000,74.2
Europe,Germany,,Frankfurt,6,15,2000,65.8
Europe,Germany,,Frankfurt,6,19,2000,79.5
Europe,Germany,,Frankfurt,6,20,2000,81.6
Europe,Germany,,Frankfurt,6,21,2000,80.7
Europe,Germany,,Frankfurt,6,23,2000,67.8
Europe,Germany,,Frankfurt,6,26,2000,55.4
Europe,Germany,,Frankfurt,6,27,2000,58.8
Europe,Germany,,Frankfurt,6,28,2000,62.9
Europe,Germany,,Frankfurt,6,29,2000,62.5
Europe,Germany,,Frankfurt,6,30,2000,62.2
Europe,Germany,,Frankfurt,7,5,2000,65.2
Europe,Germany,,Frankfurt,7,6,2000,66.5
Europe,Germany,,Frankfurt,7,7,2000,62.9
Europe,Germany,,Frankfurt,7,10,2000,62.4
Europe,Germany,,Frankfurt,7,11,2000,58.7
Europe,Germany,,Frankfurt,7,12,2000,59.6
Europe,Germany,,Frankfurt,7,13,2000,56.9
Europe,Germany,,Frankfurt,7,14,2000,57.2
Europe,Germany,,Frankfurt,7,15,2000,56.3
Europe,Germany,,Frankfurt,7,17,2000,60.6
Europe,Germany,,Frankfurt,7,18,2000,59.6
Europe,Germany,,Frankfurt,7,19,2000,59.9
Europe,Germany,,Frankfurt,7,20,2000,63.6
Europe,Germany,,Frankfurt,7,21,2000,63.3
Europe,Germany,,Frankfurt,7,25,2000,63.1
Europe,Germany,,Frankfurt,7,26,2000,59.4
Europe,Germany,,Frankfurt,7,27,2000,66.7
Europe,Germany,,Frankfurt,7,28,2000,64.8
Europe,Germany,,Frankfurt,7,31,2000,67.5
Europe,Germany,,Frankfurt,8,1,2000,73.0
Europe,Germany,,Frankfurt,8,2,2000,65.4
Europe,Germany,,Frankfurt,8,3,2000,64.8
Europe,Germany,,Frankfurt,8,7,2000,67.0
Europe,Germany,,Frankfurt,8,8,2000,64.2
Europe,Germany,,Frankfurt,8,9,2000,69.6
Europe,Germany,,Frankfurt,8,10,2000,71.3
Europe,Germany,,Frankfurt,8,11,2000,71.6
Europe,Germany,,Frankfurt,8,14,2000,74.9
Europe,Germany,,Frankfurt,8,15,2000,74.8
Europe,Germany,,Frankfurt,8,16,2000,71.8
Europe,Germany,,Frankfurt,8,17,2000,73.1
Europe,Germany,,Frankfurt,8,18,2000,71.8
Europe,Germany,,Frankfurt,8,21,2000,67.0
Europe,Germany,,Frankfurt,8,22,2000,62.5
Europe,Germany,,Frankfurt,8,23,2000,72.0
Europe,Germany,,Frankfurt,8,24,2000,67.6
Europe,Germany,,Frankfurt,8,28,2000,63.6
Europe,Germany,,Frankfurt,8,29,2000,67.8
Europe,Germany,,Frankfurt,8,30,2000,70.9
Europe,Germany,,Frankfurt,8,31,2000,68.7
Europe,Germany,,Frankfurt,9,5,2000,54.8
Europe,Germany,,Frankfurt,9,6,2000,55.5
Europe,Germany,,Frankfurt,9,7,2000,57.1
Europe,Germany,,Frankfurt,9,8,2000,65.9
Europe,Germany,,Frankfurt,9,11,2000,78.3
Europe,Germany,,Frankfurt,9,12,2000,73.9
Europe,Germany,,Frankfurt,9,13,2000,68.6
Europe,Germany,,Frankfurt,9,14,2000,68.3
Europe,Germany,,Frankfurt,9,15,2000,71.6
Europe,Germany,,Frankfurt,9,18,2000,62.4
Europe,Germany,,Frankfurt,9,19,2000,59.0
Europe,Germany,,Frankfurt,9,20,2000,59.6
Europe,Germany,,Frankfurt,9,21,2000,52.1
Europe,Germany,,Frankfurt,9,22,2000,55.7
Europe,Germany,,Frankfurt,9,25,2000,57.6
Europe,Germany,,Frankfurt,9,26,2000,58.4
Europe,Germany,,Frankfurt,9,27,2000,59.8
Europe,Germany,,Frankfurt,9,28,2000,66.7
Europe,Germany,,Frankfurt,9,29,2000,66.0
Europe,Germany,,Frankfurt,10,2,2000,57.9
Europe,Germany,,Frankfurt,10,4,2000,57.1
Europe,Germany,,Frankfurt,10,5,2000,56.7
Europe,Germany,,Frankfurt,10,9,2000,53.6
Europe,Germany,,Frankfurt,10,10,2000,49.1
Europe,Germany,,Frankfurt,10,11,2000,51.7
Europe,Germany,,Frankfurt,10,12,2000,55.1
Europe,Germany,,Frankfurt,10,13,2000,54.5
Europe,Germany,,Frankfurt,10,16,2000,59.8
Europe,Germany,,Frankfurt,10,17,2000,51.9
Europe,Germany,,Frankfurt,10,18,2000,46.3
Europe,Germany,,Frankfurt,10,19,2000,50.9
Europe,Germany,,Frankfurt,10,20,2000,54.2
Europe,Germany,,Frankfurt,10,23,2000,48.3
Europe,Germany,,Frankfurt,10,24,2000,55.4
Europe,Germany,,Frankfurt,10,25,2000,57.4
Europe,Germany,,Frankfurt,10,26,2000,52.7
Europe,Germany,,Frankfurt,10,27,2000,49.1
Europe,Germany,,Frankfurt,10,30,2000,56.1
Europe,Germany,,Frankfurt,10,31,2000,49.0
Europe,Germany,,Frankfurt,11,1,2000,50.7
Europe,Germany,,Frankfurt,11,2,2000,52.3
Europe,Germany,,Frankfurt,11,6,2000,45.6
Europe,Germany,,Frankfurt,11,7,2000,50.2
Europe,Germany,,Frankfurt,11,8,2000,49.8
Europe,Germany,,Frankfurt,11,9,2000,48.1
Europe,Germany,,Frankfurt,11,14,2000,48.2
Europe,Germany,,Frankfurt,11,15,2000,47.2
Europe,Germany,,Frankfurt,11,16,2000,44.5
Europe,Germany,,Frankfurt,11,17,2000,40.6
Europe,Germany,,Frankfurt,11,20,2000,43.0
Europe,Germany,,Frankfurt,11,21,2000,37.6
Europe,Germany,,Frankfurt,11,22,2000,48.2
Europe,Germany,,Frankfurt,11,27,2000,43.4
Europe,Germany,,Frankfurt,11,28,2000,47.4
Europe,Germany,,Frankfurt,11,29,2000,46.3
Europe,Germany,,Frankfurt,11,30,2000,46.2
Europe,Germany,,Frankfurt,12,1,2000,40.3
Europe,Germany,,Frankfurt,12,4,2000,45.9
Europe,Germany,,Frankfurt,12,5,2000,43.4
Europe,Germany,,Frankfurt,12,6,2000,41.1
Europe,Germany,,Frankfurt,12,7,2000,45.3
Europe,Germany,,Frankfurt,12,8,2000,54.1
Europe,Germany,,Frankfurt,12,11,2000,51.0
Europe,Germany,,Frankfurt,12,12,2000,55.4
Europe,Germany,,Frankfurt,12,13,2000,53.6
Europe,Germany,,Frankfurt,12,14,2000,47.0
Europe,Germany,,Frankfurt,12,15,2000,42.3
Europe,Germany,,Frankfurt,12,18,2000,31.6
Europe,Germany,,Frankfurt,12,20,2000,36.3
Europe,Germany,,Frankfurt,12,21,2000,33.4
Europe,Germany,,Frankfurt,12,27,2000,36.7
Europe,Germany,,Frankfurt,12,28,2000,36.3
Europe,Germany,,Frankfurt,1,2,2001,42.9
Europe,Germany,,Frankfurt,1,3,2001,44.6
Europe,Germany,,Frankfurt,1,4,2001,43.4
Europe,Germany,,Frankfurt,1,5,2001,43.3
Europe,Germany,,Frankfurt,1,8,2001,34.3
Europe,Germany,,Frankfurt,1,9,2001,37.5
Europe,Germany,,Frankfurt,1,10,2001,31.6
Europe,Germany,,Frankfurt,1,11,2001,35.3
Europe,Germany,,Frankfurt,1,16,2001,21.7
Europe,Germany,,Frankfurt,1,17,2001,21.9
Europe,Germany,,Frankfurt,1,18,2001,26.1
Europe,Germany,,Frankfurt,1,19,2001,23.7
Europe,Germany,,Frankfurt,1,23,2001,43.8
Europe,Germany,,Frankfurt,1,24,2001,47.9
Europe,Germany,,Frankfurt,1,25,2001,44.7
Europe,Germany,,Frankfurt,1,26,2001,42.1
Europe,Germany,,Frankfurt,1,30,2001,31.0
Europe,Germany,,Frankfurt,1,31,2001,29.6
Europe,Germany,,Frankfurt,2,1,2001,27.4
Europe,Germany,,Frankfurt,2,2,2001,30.4
Europe,Germany,,Frankfurt,2,5,2001,46.5
Europe,Germany,,Frankfurt,2,6,2001,54.0
Europe,Germany,,Frankfurt,2,7,2001,52.9
Europe,Germany,,Frankfurt,2,8,2001,55.6
Europe,Germany,,Frankfurt,2,9,2001,40.8
Europe,Germany,,Frankfurt,2,12,2001,45.3
Europe,Germany,,Frankfurt,2,13,2001,40.9
Europe,Germany,,Frankfurt,2,14,2001,37.9
Europe,Germany,,Frankfurt,2,15,2001,41.6
Europe,Germany,,Frankfurt,2,20,2001,37.6
Europe,Germany,,Frankfurt,2,21,2001,32.7
Europe,Germany,,Frankfurt,2,22,2001,39.7
Europe,Germany,,Frankfurt,2,26,2001,29.7
Europe,Germany,,Frankfurt,2,27,2001,32.2
Europe,Germany,,Frankfurt,2,28,2001,29.5
Europe,Germany,,Frankfurt,3,1,2001,30.7
Europe,Germany,,Frankfurt,3,5,2001,38.5
Europe,Germany,,Frankfurt,3,6,2001,40.7
Europe,Germany,,Frankfurt,3,7,2001,39.0
Europe,Germany,,Frankfurt,3,8,2001,47.1
Europe,Germany,,Frankfurt,3,9,2001,51.5
Europe,Germany,,Frankfurt,3,12,2001,50.8
Europe,Germany,,Frankfurt,3,13,2001,45.4
Europe,Germany,,Frankfurt,3,14,2001,44.3
Europe,Germany,,Frankfurt,3,15,2001,44.4
Europe,Germany,,Frankfurt,3,19,2001,38.7
Europe,Germany,,Frankfurt,3,20,2001,37.0
Europe,Germany,,Frankfurt,3,21,2001,37.5
Europe,Germany,,Frankfurt,3,22,2001,48.6
Europe,Germany,,Frankfurt,3,23,2001,46.2
Europe,Germany,,Frankfurt,3,26,2001,37.4
Europe,Germany,,Frankfurt,3,27,2001,36.0
Europe,Germany,,Frankfurt,3,28,2001,37.7
Europe,Germany,,Frankfurt,3,29,2001,51.8
Europe,Germany,,Frankfurt,3,30,2001,46.1
Europe,Germany,,Frankfurt,4,2,2001,58.3
Europe,Germany,,Frankfurt,4,3,2001,54.9
Europe,Germany,,Frankfurt,4,4,2001,52.5
Europe,Germany,,Frankfurt,4,5,2001,47.4
Europe,Germany,,Frankfurt,4,6,2001,53.0
Europe,Germany,,Frankfurt,4,9,2001,46.8
Europe,Germany,,Frankfurt,4,10,2001,49.7
Europe,Germany,,Frankfurt,4,11,2001,50.0
Europe,Germany,,Frankfurt,4,12,2001,45.0
Europe,Germany,,Frankfurt,4,18,2001,36.6
Europe,Germany,,Frankfurt,4,19,2001,37.8
Europe,Germany,,Frankfurt,4,20,2001,38.5
Europe,Germany,,Frankfurt,4,23,2001,48.2
Europe,Germany,,Frankfurt,4,24,2001,53.6
Europe,Germany,,Frankfurt,4,25,2001,47.5
Europe,Germany,,Frankfurt,4,26,2001,49.3
Europe,Germany,,Frankfurt,4,27,2001,45.6
Europe,Germany,,Frankfurt,4,30,2001,64.1
Europe,Germany,,Frankfurt,5,1,2001,66.6
Europe,Germany,,Frankfurt,5,2,2001,68.3
Europe,Germany,,Frankfurt,5,3,2001,66.7
Europe,Germany,,Frankfurt,5,4,2001,65.1
Europe,Germany,,Frankfurt,5,7,2001,47.7
Europe,Germany,,Frankfurt,5,8,2001,55.1
Europe,Germany,,Frankfurt,5,9,2001,61.3
Europe,Germany,,Frankfurt,5,10,2001,68.0
Europe,Germany,,Frankfurt,5,11,2001,70.5
Europe,Germany,,Frankfurt,5,14,2001,66.8
Europe,Germany,,Frankfurt,5,15,2001,55.9
Europe,Germany,,Frankfurt,5,16,2001,59.8
Europe,Germany,,Frankfurt,5,21,2001,61.2
Europe,Germany,,Frankfurt,5,22,2001,57.2
Europe,Germany,,Frankfurt,5,23,2001,60.8
Europe,Germany,,Frankfurt,5,29,2001,76.5
Europe,Germany,,Frankfurt,6,5,2001,58.2
Europe,Germany,,Frankfurt,6,6,2001,57.2
Europe,Germany,,Frankfurt,6,8,2001,50.5
Europe,Germany,,Frankfurt,6,11,2001,52.0
Europe,Germany,,Frankfurt,6,12,2001,59.5
Europe,Germany,,Frankfurt,6,13,2001,64.9
Europe,Germany,,Frankfurt,6,15,2001,71.6
Europe,Germany,,Frankfurt,6,19,2001,54.6
Europe,Germany,,Frankfurt,6,20,2001,57.6
Europe,Germany,,Frankfurt,6,21,2001,64.1
Europe,Germany,,Frankfurt,6,25,2001,71.0
Europe,Germany,,Frankfurt,6,26,2001,76.0
Europe,Germany,,Frankfurt,6,27,2001,75.0
Europe,Germany,,Frankfurt,6,28,2001,68.3
Europe,Germany,,Frankfurt,6,29,2001,70.8
Europe,Germany,,Frankfurt,7,2,2001,66.5
Europe,Germany,,Frankfurt,7,3,2001,67.0
Europe,Germany,,Frankfurt,7,5,2001,77.6
Europe,Germany,,Frankfurt,7,9,2001,68.3
Europe,Germany,,Frankfurt,7,10,2001,70.7
Europe,Germany,,Frankfurt,7,11,2001,65.7
Europe,Germany,,Frankfurt,7,12,2001,68.0
Europe,Germany,,Frankfurt,7,16,2001,60.1
Europe,Germany,,Frankfurt,7,17,2001,65.1
Europe,Germany,,Frankfurt,7,18,2001,63.6
Europe,Germany,,Frankfurt,7,19,2001,64.0
Europe,Germany,,Frankfurt,7,20,2001,62.0
Europe,Germany,,Frankfurt,7,23,2001,74.8
Europe,Germany,,Frankfurt,7,24,2001,72.0
Europe,Germany,,Frankfurt,7,25,2001,76.8
Europe,Germany,,Frankfurt,7,26,2001,77.2
Europe,Germany,,Frankfurt,7,27,2001,78.3
Europe,Germany,,Frankfurt,7,30,2001,75.2
Europe,Germany,,Frankfurt,7,31,2001,77.8
Europe,Germany,,Frankfurt,8,1,2001,73.8
Europe,Germany,,Frankfurt,8,2,2001,76.2
Europe,Germany,,Frankfurt,8,6,2001,61.8
Europe,Germany,,Frankfurt,8,7,2001,63.9
Europe,Germany,,Frankfurt,8,8,2001,69.0
Europe,Germany,,Frankfurt,8,9,2001,66.9
Europe,Germany,,Frankfurt,8,10,2001,61.8
Europe,Germany,,Frankfurt,8,13,2001,67.6
Europe,Germany,,Frankfurt,8,14,2001,75.9
Europe,Germany,,Frankfurt,8,15,2001,83.3
Europe,Germany,,Frankfurt,8,16,2001,77.0
Europe,Germany,,Frankfurt,8,17,2001,72.4
Europe,Germany,,Frankfurt,8,20,2001,65.6
Europe,Germany,,Frankfurt,8,21,2001,70.7
Europe,Germany,,Frankfurt,8,22,2001,74.6
Europe,Germany,,Frankfurt,8,23,2001,75.5
Europe,Germany,,Frankfurt,8,24,2001,77.0
Europe,Germany,,Frankfurt,8,27,2001,66.2
Europe,Germany,,Frankfurt,8,28,2001,61.5
Europe,Germany,,Frankfurt,8,29,2001,63.8
Europe,Germany,,Frankfurt,8,30,2001,64.9
Europe,Germany,,Frankfurt,9,4,2001,57.2
Europe,Germany,,Frankfurt,9,5,2001,57.8
Europe,Germany,,Frankfurt,9,6,2001,53.8
Europe,Germany,,Frankfurt,9,7,2001,54.1
Europe,Germany,,Frankfurt,9,10,2001,54.7
Europe,Germany,,Frankfurt,9,11,2001,55.5
Europe,Germany,,Frankfurt,9,12,2001,55.4
Europe,Germany,,Frankfurt,9,13,2001,55.5
Europe,Germany,,Frankfurt,9,14,2001,54.7
Europe,Germany,,Frankfurt,9,17,2001,48.8
Europe,Germany,,Frankfurt,9,18,2001,51.5
Europe,Germany,,Frankfurt,9,19,2001,54.5
Europe,Germany,,Frankfurt,9,20,2001,55.5
Europe,Germany,,Frankfurt,9,21,2001,56.3
Europe,Germany,,Frankfurt,9,24,2001,51.4
Europe,Germany,,Frankfurt,9,25,2001,52.9
Europe,Germany,,Frankfurt,9,26,2001,52.2
Europe,Germany,,Frankfurt,9,27,2001,58.4
Europe,Germany,,Frankfurt,9,28,2001,58.0
Europe,Germany,,Frankfurt,10,1,2001,61.9
Europe,Germany,,Frankfurt,10,2,2001,70.6
Europe,Germany,,Frankfurt,10,4,2001,58.4
Europe,Germany,,Frankfurt,10,9,2001,56.7
Europe,Germany,,Frankfurt,10,10,2001,57.3
Europe,Germany,,Frankfurt,10,11,2001,58.6
Europe,Germany,,Frankfurt,10,12,2001,55.8
Europe,Germany,,Frankfurt,10,15,2001,59.0
Europe,Germany,,Frankfurt,10,16,2001,55.3
Europe,Germany,,Frankfurt,10,17,2001,54.2
Europe,Germany,,Frankfurt,10,18,2001,53.5
Europe,Germany,,Frankfurt,10,19,2001,55.0
Europe,Germany,,Frankfurt,10,22,2001,55.8
Europe,Germany,,Frankfurt,10,23,2001,53.3
Europe,Germany,,Frankfurt,10,24,2001,55.5
Europe,Germany,,Frankfurt,10,25,2001,53.2
Europe,Germany,,Frankfurt,10,26,2001,52.5
Europe,Germany,,Frankfurt,10,29,2001,52.8
Europe,Germany,,Frankfurt,10,30,2001,56.4
Europe,Germany,,Frankfurt,10,31,2001,52.2
Europe,Germany,,Frankfurt,11,1,2001,46.0
Europe,Germany,,Frankfurt,11,2,2001,43.0
Europe,Germany,,Frankfurt,11,5,2001,45.6
Europe,Germany,,Frankfurt,11,6,2001,44.5
Europe,Germany,,Frankfurt,11,7,2001,48.3
Europe,Germany,,Frankfurt,11,8,2001,45.6
Europe,Germany,,Frankfurt,11,13,2001,38.6
Europe,Germany,,Frankfurt,11,14,2001,35.9
Europe,Germany,,Frankfurt,11,15,2001,35.0
Europe,Germany,,Frankfurt,11,16,2001,37.0
Europe,Germany,,Frankfurt,11,19,2001,40.0
Europe,Germany,,Frankfurt,11,20,2001,41.4
Europe,Germany,,Frankfurt,11,21,2001,43.1
Europe,Germany,,Frankfurt,11,26,2001,45.9
Europe,Germany,,Frankfurt,11,27,2001,41.9
Europe,Germany,,Frankfurt,11,28,2001,40.9
Europe,Germany,,Frankfurt,11,29,2001,40.1
Europe,Germany,,Frankfurt,11,30,2001,45.9
Europe,Germany,,Frankfurt,12,3,2001,39.5
Europe,Germany,,Frankfurt,12,4,2001,45.2
Europe,Germany,,Frankfurt,12,5,2001,44.3
Europe,Germany,,Frankfurt,12,6,2001,44.4
Europe,Germany,,Frankfurt,12,7,2001,32.7
Europe,Germany,,Frankfurt,12,10,2001,32.5
Europe,Germany,,Frankfurt,12,11,2001,33.6
Europe,Germany,,Frankfurt,12,12,2001,35.9
Europe,Germany,,Frankfurt,12,13,2001,27.9
Europe,Germany,,Frankfurt,12,14,2001,21.7
Europe,Germany,,Frankfurt,12,17,2001,28.8
Europe,Germany,,Frankfurt,12,18,2001,33.1
Europe,Germany,,Frankfurt,12,19,2001,34.4
Europe,Germany,,Frankfurt,12,20,2001,29.2
Europe,Germany,,Frankfurt,12,21,2001,27.7
Europe,Germany,,Frankfurt,1,2,2002,23.5
Europe,Germany,,Frankfurt,1,3,2002,20.4
Europe,Germany,,Frankfurt,1,4,2002,15.8
Europe,Germany,,Frankfurt,1,7,2002,30.4
Europe,Germany,,Frankfurt,1,8,2002,29.6
Europe,Germany,,Frankfurt,1,9,2002,24.9
Europe,Germany,,Frankfurt,1,10,2002,22.2
Europe,Germany,,Frankfurt,1,11,2002,22.2
Europe,Germany,,Frankfurt,1,14,2002,29.4
Europe,Germany,,Frankfurt,1,15,2002,23.6
Europe,Germany,,Frankfurt,1,16,2002,23.9
Europe,Germany,,Frankfurt,1,17,2002,31.5
Europe,Germany,,Frankfurt,1,18,2002,32.0
Europe,Germany,,Frankfurt,1,22,2002,41.3
Europe,Germany,,Frankfurt,1,23,2002,44.0
Europe,Germany,,Frankfurt,1,24,2002,50.1
Europe,Germany,,Frankfurt,1,25,2002,41.5
Europe,Germany,,Frankfurt,1,27,2002,50.0
Europe,Germany,,Frankfurt,1,28,2002,53.4
Europe,Germany,,Frankfurt,1,29,2002,50.1
Europe,Germany,,Frankfurt,1,30,2002,50.4
Europe,Germany,,Frankfurt,1,31,2002,48.3
Europe,Germany,,Frankfurt,2,1,2002,49.6
Europe,Germany,,Frankfurt,2,5,2002,54.2
Europe,Germany,,Frankfurt,2,6,2002,47.4
Europe,Germany,,Frankfurt,2,7,2002,42.3
Europe,Germany,,Frankfurt,2,8,2002,44.2
Europe,Germany,,Frankfurt,2,11,2002,49.2
Europe,Germany,,Frankfurt,2,12,2002,52.8
Europe,Germany,,Frankfurt,2,13,2002,44.7
Europe,Germany,,Frankfurt,2,14,2002,39.6
Europe,Germany,,Frankfurt,2,19,2002,39.2
Europe,Germany,,Frankfurt,2,20,2002,42.1
Europe,Germany,,Frankfurt,2,21,2002,35.4
Europe,Germany,,Frankfurt,2,22,2002,33.6
Europe,Germany,,Frankfurt,2,25,2002,46.3
Europe,Germany,,Frankfurt,2,26,2002,50.5
Europe,Germany,,Frankfurt,2,27,2002,45.2
Europe,Germany,,Frankfurt,2,28,2002,43.7
Europe,Germany,,Frankfurt,3,1,2002,44.8
Europe,Germany,,Frankfurt,3,4,2002,42.4
Europe,Germany,,Frankfurt,3,5,2002,41.5
Europe,Germany,,Frankfurt,3,6,2002,40.7
Europe,Germany,,Frankfurt,3,7,2002,49.4
Europe,Germany,,Frankfurt,3,8,2002,44.8
Europe,Germany,,Frankfurt,4,8,2002,44.8
Europe,Germany,,Frankfurt,4,9,2002,46.6
Europe,Germany,,Frankfurt,4,10,2002,46.7
Europe,Germany,,Frankfurt,4,11,2002,53.9
Europe,Germany,,Frankfurt,4,15,2002,44.3
Europe,Germany,,Frankfurt,4,16,2002,43.8
Europe,Germany,,Frankfurt,4,17,2002,46.0
Europe,Germany,,Frankfurt,4,18,2002,51.3
Europe,Germany,,Frankfurt,4,19,2002,49.3
Europe,Germany,,Frankfurt,4,22,2002,55.4
Europe,Germany,,Frankfurt,4,23,2002,58.0
Europe,Germany,,Frankfurt,4,24,2002,54.7
Europe,Germany,,Frankfurt,4,25,2002,60.5
Europe,Germany,,Frankfurt,4,26,2002,55.8
Europe,Germany,,Frankfurt,4,29,2002,51.7
Europe,Germany,,Frankfurt,4,30,2002,55.9
Europe,Germany,,Frankfurt,5,2,2002,52.6
Europe,Germany,,Frankfurt,5,3,2002,49.2
Europe,Germany,,Frankfurt,5,6,2002,47.5
Europe,Germany,,Frankfurt,5,7,2002,59.4
Europe,Germany,,Frankfurt,5,8,2002,66.1
Europe,Germany,,Frankfurt,5,10,2002,62.6
Europe,Germany,,Frankfurt,5,13,2002,62.2
Europe,Germany,,Frankfurt,5,14,2002,57.2
Europe,Germany,,Frankfurt,5,15,2002,61.0
Europe,Germany,,Frankfurt,5,16,2002,69.2
Europe,Germany,,Frankfurt,5,21,2002,64.8
Europe,Germany,,Frankfurt,5,22,2002,66.6
Europe,Germany,,Frankfurt,5,23,2002,56.8
Europe,Germany,,Frankfurt,5,28,2002,58.9
Europe,Germany,,Frankfurt,5,29,2002,58.2
Europe,Germany,,Frankfurt,6,3,2002,68.8
Europe,Germany,,Frankfurt,6,4,2002,72.9
Europe,Germany,,Frankfurt,6,5,2002,66.3
Europe,Germany,,Frankfurt,6,6,2002,64.6
Europe,Germany,,Frankfurt,6,7,2002,60.5
Europe,Germany,,Frankfurt,6,10,2002,59.5
Europe,Germany,,Frankfurt,6,11,2002,58.7
Europe,Germany,,Frankfurt,6,12,2002,65.6
Europe,Germany,,Frankfurt,6,13,2002,65.8
Europe,Germany,,Frankfurt,6,14,2002,69.3
Europe,Germany,,Frankfurt,6,24,2002,70.6
Europe,Germany,,Frankfurt,6,25,2002,68.1
Europe,Germany,,Frankfurt,6,26,2002,71.0
Europe,Germany,,Frankfurt,6,27,2002,68.7
Europe,Germany,,Frankfurt,6,28,2002,60.0
Europe,Germany,,Frankfurt,7,1,2002,64.8
Europe,Germany,,Frankfurt,7,2,2002,60.9
Europe,Germany,,Frankfurt,7,3,2002,64.0
Europe,Germany,,Frankfurt,7,8,2002,76.2
Europe,Germany,,Frankfurt,7,9,2002,78.8
Europe,Germany,,Frankfurt,7,10,2002,62.7
Europe,Germany,,Frankfurt,7,11,2002,68.0
Europe,Germany,,Frankfurt,7,12,2002,67.6
Europe,Germany,,Frankfurt,7,15,2002,70.5
Europe,Germany,,Frankfurt,7,16,2002,68.3
Europe,Germany,,Frankfurt,7,17,2002,60.2
Europe,Germany,,Frankfurt,7,18,2002,60.5
Europe,Germany,,Frankfurt,7,19,2002,63.3
Europe,Germany,,Frankfurt,7,22,2002,63.5
Europe,Germany,,Frankfurt,7,23,2002,63.4
Europe,Germany,,Frankfurt,7,24,2002,63.6
Europe,Germany,,Frankfurt,7,25,2002,61.8
Europe,Germany,,Frankfurt,7,26,2002,60.6
Europe,Germany,,Frankfurt,7,29,2002,78.4
Europe,Germany,,Frankfurt,7,30,2002,77.0
Europe,Germany,,Frankfurt,7,31,2002,73.6
Europe,Germany,,Frankfurt,8,1,2002,68.9
Europe,Germany,,Frankfurt,8,2,2002,64.0
Europe,Germany,,Frankfurt,8,6,2002,65.2
Europe,Germany,,Frankfurt,8,7,2002,62.7
Europe,Germany,,Frankfurt,8,8,2002,63.6
Europe,Germany,,Frankfurt,8,9,2002,69.4
Europe,Germany,,Frankfurt,8,12,2002,66.0
Europe,Germany,,Frankfurt,8,13,2002,66.1
Europe,Germany,,Frankfurt,8,14,2002,70.1
Europe,Germany,,Frankfurt,8,15,2002,74.7
Europe,Germany,,Frankfurt,8,16,2002,71.8
Europe,Germany,,Frankfurt,8,19,2002,79.3
Europe,Germany,,Frankfurt,8,20,2002,74.0
Europe,Germany,,Frankfurt,8,21,2002,66.0
Europe,Germany,,Frankfurt,8,22,2002,69.1
Europe,Germany,,Frankfurt,8,23,2002,67.8
Europe,Germany,,Frankfurt,8,26,2002,74.9
Europe,Germany,,Frankfurt,8,27,2002,70.6
Europe,Germany,,Frankfurt,8,28,2002,70.8
Europe,Germany,,Frankfurt,8,29,2002,69.5
Europe,Germany,,Frankfurt,9,3,2002,64.5
Europe,Germany,,Frankfurt,9,4,2002,66.5
Europe,Germany,,Frankfurt,9,5,2002,65.6
Europe,Germany,,Frankfurt,9,6,2002,62.2
Europe,Germany,,Frankfurt,9,9,2002,71.4
Europe,Germany,,Frankfurt,9,10,2002,55.2
Europe,Germany,,Frankfurt,9,11,2002,57.6
Europe,Germany,,Frankfurt,9,12,2002,64.1
Europe,Germany,,Frankfurt,9,13,2002,61.4
Europe,Germany,,Frankfurt,9,16,2002,54.3
Europe,Germany,,Frankfurt,9,17,2002,58.4
Europe,Germany,,Frankfurt,9,18,2002,56.7
Europe,Germany,,Frankfurt,9,19,2002,59.1
Europe,Germany,,Frankfurt,9,20,2002,60.0
Europe,Germany,,Frankfurt,9,23,2002,49.6
Europe,Germany,,Frankfurt,9,24,2002,50.1
Europe,Germany,,Frankfurt,9,25,2002,50.0
Europe,Germany,,Frankfurt,9,26,2002,52.1
Europe,Germany,,Frankfurt,9,27,2002,55.2
Europe,Germany,,Frankfurt,9,29,2002,50.0
Europe,Germany,,Frankfurt,9,30,2002,54.3
Europe,Germany,,Frankfurt,10,1,2002,52.4
Europe,Germany,,Frankfurt,10,2,2002,54.2
Europe,Germany,,Frankfurt,10,3,2002,56.5
Europe,Germany,,Frankfurt,10,4,2002,59.2
Europe,Germany,,Frankfurt,10,7,2002,47.8
Europe,Germany,,Frankfurt,10,8,2002,46.7
Europe,Germany,,Frankfurt,10,9,2002,50.8
Europe,Germany,,Frankfurt,10,10,2002,50.5
Europe,Germany,,Frankfurt,10,15,2002,53.7
Europe,Germany,,Frankfurt,10,16,2002,57.3
Europe,Germany,,Frankfurt,10,17,2002,53.8
Europe,Germany,,Frankfurt,10,18,2002,47.6
Europe,Germany,,Frankfurt,10,21,2002,50.7
Europe,Germany,,Frankfurt,10,22,2002,60.2
Europe,Germany,,Frankfurt,10,23,2002,52.8
Europe,Germany,,Frankfurt,10,24,2002,49.3
Europe,Germany,,Frankfurt,10,25,2002,51.8
Europe,Germany,,Frankfurt,10,28,2002,48.2
Europe,Germany,,Frankfurt,10,29,2002,46.6
Europe,Germany,,Frankfurt,10,30,2002,50.8
Europe,Germany,,Frankfurt,10,31,2002,49.3
Europe,Germany,,Frankfurt,11,1,2002,50.5
Europe,Germany,,Frankfurt,11,2,2002,59.0
Europe,Germany,,Frankfurt,11,4,2002,48.2
Europe,Germany,,Frankfurt,11,5,2002,42.1
Europe,Germany,,Frankfurt,11,6,2002,40.0
Europe,Germany,,Frankfurt,11,7,2002,34.8
Europe,Germany,,Frankfurt,11,8,2002,39.2
Europe,Germany,,Frankfurt,11,12,2002,49.8
Europe,Germany,,Frankfurt,11,13,2002,49.3
Europe,Germany,,Frankfurt,11,14,2002,44.5
Europe,Germany,,Frankfurt,11,15,2002,48.2
Europe,Germany,,Frankfurt,11,18,2002,41.5
Europe,Germany,,Frankfurt,11,19,2002,45.3
Europe,Germany,,Frankfurt,11,20,2002,43.6
Europe,Germany,,Frankfurt,11,21,2002,44.3
Europe,Germany,,Frankfurt,11,22,2002,43.6
Europe,Germany,,Frankfurt,11,23,2002,52.2
Europe,Germany,,Frankfurt,11,25,2002,42.9
Europe,Germany,,Frankfurt,11,26,2002,47.1
Europe,Germany,,Frankfurt,11,27,2002,49.1
Europe,Germany,,Frankfurt,11,28,2002,49.7
Europe,Germany,,Frankfurt,11,30,2002,43.7
Europe,Germany,,Frankfurt,12,1,2002,45.6
Europe,Germany,,Frankfurt,12,2,2002,44.5
Europe,Germany,,Frankfurt,12,3,2002,44.7
Europe,Germany,,Frankfurt,12,4,2002,39.3
Europe,Germany,,Frankfurt,12,5,2002,40.6
Europe,Germany,,Frankfurt,12,6,2002,33.6
Europe,Germany,,Frankfurt,12,9,2002,20.9
Europe,Germany,,Frankfurt,12,10,2002,22.3
Europe,Germany,,Frankfurt,12,11,2002,20.7
Europe,Germany,,Frankfurt,12,12,2002,22.6
Europe,Germany,,Frankfurt,12,13,2002,27.8
Europe,Germany,,Frankfurt,12,16,2002,40.2
Europe,Germany,,Frankfurt,12,17,2002,37.5
Europe,Germany,,Frankfurt,12,18,2002,33.8
Europe,Germany,,Frankfurt,12,19,2002,32.7
Europe,Germany,,Frankfurt,12,20,2002,28.4
Europe,Germany,,Frankfurt,12,23,2002,43.8
Europe,Germany,,Frankfurt,12,27,2002,46.4
Europe,Germany,,Frankfurt,12,30,2002,52.8
Europe,Germany,,Frankfurt,1,2,2003,51.8
Europe,Germany,,Frankfurt,1,3,2003,46.9
Europe,Germany,,Frankfurt,1,6,2003,25.3
Europe,Germany,,Frankfurt,1,7,2003,15.0
Europe,Germany,,Frankfurt,1,8,2003,13.0
Europe,Germany,,Frankfurt,1,9,2003,16.2
Europe,Germany,,Frankfurt,1,10,2003,18.0
Europe,Germany,,Frankfurt,1,14,2003,35.0
Europe,Germany,,Frankfurt,1,15,2003,34.6
Europe,Germany,,Frankfurt,1,16,2003,35.9
Europe,Germany,,Frankfurt,1,17,2003,28.7
Europe,Germany,,Frankfurt,1,21,2003,40.9
Europe,Germany,,Frankfurt,1,22,2003,41.0
Europe,Germany,,Frankfurt,1,23,2003,39.9
Europe,Germany,,Frankfurt,1,24,2003,39.0
Europe,Germany,,Frankfurt,1,26,2003,32.5
Europe,Germany,,Frankfurt,1,28,2003,37.8
Europe,Germany,,Frankfurt,1,29,2003,34.2
Europe,Germany,,Frankfurt,1,30,2003,26.9
Europe,Germany,,Frankfurt,1,31,2003,20.8
Europe,Germany,,Frankfurt,2,3,2003,33.4
Europe,Germany,,Frankfurt,2,4,2003,28.2
Europe,Germany,,Frankfurt,2,5,2003,27.2
Europe,Germany,,Frankfurt,2,6,2003,26.8
Europe,Germany,,Frankfurt,2,7,2003,26.8
Europe,Germany,,Frankfurt,2,10,2003,24.7
Europe,Germany,,Frankfurt,2,11,2003,25.5
Europe,Germany,,Frankfurt,2,12,2003,29.9
Europe,Germany,,Frankfurt,2,13,2003,31.4
Europe,Germany,,Frankfurt,2,18,2003,27.3
Europe,Germany,,Frankfurt,2,19,2003,32.7
Europe,Germany,,Frankfurt,2,20,2003,32.7
Europe,Germany,,Frankfurt,2,21,2003,36.3
Europe,Germany,,Frankfurt,2,24,2003,36.2
Europe,Germany,,Frankfurt,2,25,2003,37.4
Europe,Germany,,Frankfurt,2,26,2003,35.0
Europe,Germany,,Frankfurt,2,27,2003,41.8
Europe,Germany,,Frankfurt,2,28,2003,46.0
Europe,Germany,,Frankfurt,3,3,2003,44.5
Europe,Germany,,Frankfurt,3,4,2003,45.2
Europe,Germany,,Frankfurt,3,5,2003,48.1
Europe,Germany,,Frankfurt,3,6,2003,43.7
Europe,Germany,,Frankfurt,3,7,2003,40.1
Europe,Germany,,Frankfurt,3,10,2003,50.6
Europe,Germany,,Frankfurt,3,11,2003,56.8
Europe,Germany,,Frankfurt,3,12,2003,47.6
Europe,Germany,,Frankfurt,3,13,2003,42.7
Europe,Germany,,Frankfurt,3,17,2003,42.8
Europe,Germany,,Frankfurt,3,18,2003,46.5
Europe,Germany,,Frankfurt,3,19,2003,47.8
Europe,Germany,,Frankfurt,3,20,2003,40.5
Europe,Germany,,Frankfurt,3,21,2003,42.0
Europe,Germany,,Frankfurt,3,24,2003,51.2
Europe,Germany,,Frankfurt,3,25,2003,50.6
Europe,Germany,,Frankfurt,3,26,2003,55.0
Europe,Germany,,Frankfurt,3,27,2003,56.5
Europe,Germany,,Frankfurt,3,28,2003,61.0
Europe,Germany,,Frankfurt,3,31,2003,50.1
Europe,Germany,,Frankfurt,4,1,2003,55.9
Europe,Germany,,Frankfurt,4,2,2003,43.4
Europe,Germany,,Frankfurt,4,3,2003,43.5
Europe,Germany,,Frankfurt,4,4,2003,45.6
Europe,Germany,,Frankfurt,4,7,2003,36.4
Europe,Germany,,Frankfurt,4,8,2003,37.3
Europe,Germany,,Frankfurt,4,9,2003,37.0
Europe,Germany,,Frankfurt,4,10,2003,40.3
Europe,Germany,,Frankfurt,4,11,2003,40.3
Europe,Germany,,Frankfurt,4,14,2003,60.8
Europe,Germany,,Frankfurt,4,15,2003,65.6
Europe,Germany,,Frankfurt,4,16,2003,68.5
Europe,Germany,,Frankfurt,4,17,2003,63.0
Europe,Germany,,Frankfurt,4,22,2003,60.8
Europe,Germany,,Frankfurt,4,23,2003,62.4
Europe,Germany,,Frankfurt,4,24,2003,63.8
Europe,Germany,,Frankfurt,4,25,2003,66.8
Europe,Germany,,Frankfurt,4,28,2003,63.0
Europe,Germany,,Frankfurt,4,29,2003,61.6
Europe,Germany,,Frankfurt,4,30,2003,60.8
Europe,Germany,,Frankfurt,11,26,2003,56.7
Europe,Germany,,Frankfurt,12,1,2003,49.8
Europe,Germany,,Frankfurt,12,2,2003,47.1
Europe,Germany,,Frankfurt,12,3,2003,40.3
Europe,Germany,,Frankfurt,12,4,2003,44.4
Europe,Germany,,Frankfurt,12,8,2003,32.2
Europe,Germany,,Frankfurt,12,9,2003,35.8
Europe,Germany,,Frankfurt,12,10,2003,37.2
Europe,Germany,,Frankfurt,12,11,2003,35.1
Europe,Germany,,Frankfurt,12,15,2003,39.7
Europe,Germany,,Frankfurt,12,16,2003,40.8
Europe,Germany,,Frankfurt,12,17,2003,37.6
Europe,Germany,,Frankfurt,12,18,2003,35.2
Europe,Germany,,Frankfurt,12,22,2003,36.3
Europe,Germany,,Frankfurt,12,23,2003,22.6
Europe,Germany,,Frankfurt,12,29,2003,39.9
Europe,Germany,,Frankfurt,12,30,2003,32.0
Europe,Germany,,Frankfurt,12,31,2003,37.4
Europe,Germany,,Frankfurt,1,5,2004,36.9
Europe,Germany,,Frankfurt,1,6,2004,38.8
Europe,Germany,,Frankfurt,1,7,2004,42.4
Europe,Germany,,Frankfurt,1,8,2004,40.5
Europe,Germany,,Frankfurt,1,12,2004,44.6
Europe,Germany,,Frankfurt,1,13,2004,48.2
Europe,Germany,,Frankfurt,1,14,2004,47.3
Europe,Germany,,Frankfurt,1,15,2004,43.1
Europe,Germany,,Frankfurt,1,20,2004,41.2
Europe,Germany,,Frankfurt,1,21,2004,34.9
Europe,Germany,,Frankfurt,1,22,2004,24.4
Europe,Germany,,Frankfurt,1,28,2004,33.6
Europe,Germany,,Frankfurt,1,29,2004,32.2
Europe,Germany,,Frankfurt,2,2,2004,52.5
Europe,Germany,,Frankfurt,2,4,2004,55.1
Europe,Germany,,Frankfurt,2,5,2004,56.3
Europe,Germany,,Frankfurt,2,9,2004,39.4
Europe,Germany,,Frankfurt,2,10,2004,38.5
Europe,Germany,,Frankfurt,2,11,2004,44.8
Europe,Germany,,Frankfurt,2,12,2004,36.5
Europe,Germany,,Frankfurt,2,17,2004,34.5
Europe,Germany,,Frankfurt,2,18,2004,40.8
Europe,Germany,,Frankfurt,2,19,2004,37.0
Europe,Germany,,Frankfurt,2,23,2004,38.1
Europe,Germany,,Frankfurt,2,24,2004,34.0
Europe,Germany,,Frankfurt,2,25,2004,35.6
Europe,Germany,,Frankfurt,2,26,2004,33.8
Europe,Germany,,Frankfurt,3,1,2004,35.4
Europe,Germany,,Frankfurt,3,2,2004,37.9
Europe,Germany,,Frankfurt,3,3,2004,41.7
Europe,Germany,,Frankfurt,3,4,2004,38.5
Europe,Germany,,Frankfurt,3,8,2004,38.1
Europe,Germany,,Frankfurt,3,9,2004,38.1
Europe,Germany,,Frankfurt,3,10,2004,36.5
Europe,Germany,,Frankfurt,3,11,2004,36.9
Europe,Germany,,Frankfurt,3,16,2004,61.0
Europe,Germany,,Frankfurt,3,17,2004,59.5
Europe,Germany,,Frankfurt,3,18,2004,58.8
Europe,Germany,,Frankfurt,3,22,2004,49.5
Europe,Germany,,Frankfurt,3,23,2004,44.2
Europe,Germany,,Frankfurt,3,24,2004,46.6
Europe,Germany,,Frankfurt,3,25,2004,41.0
Europe,Germany,,Frankfurt,3,29,2004,48.2
Europe,Germany,,Frankfurt,3,30,2004,53.1
Europe,Germany,,Frankfurt,3,31,2004,52.1
Europe,Germany,,Frankfurt,4,5,2004,49.3
Europe,Germany,,Frankfurt,4,6,2004,47.1
Europe,Germany,,Frankfurt,4,7,2004,45.7
Europe,Germany,,Frankfurt,4,8,2004,44.4
Europe,Germany,,Frankfurt,4,12,2004,49.8
Europe,Germany,,Frankfurt,4,13,2004,51.3
Europe,Germany,,Frankfurt,4,14,2004,55.0
Europe,Germany,,Frankfurt,4,15,2004,55.4
Europe,Germany,,Frankfurt,4,19,2004,53.8
Europe,Germany,,Frankfurt,4,20,2004,55.8
Europe,Germany,,Frankfurt,4,21,2004,60.8
Europe,Germany,,Frankfurt,4,22,2004,66.4
Europe,Germany,,Frankfurt,4,26,2004,59.5
Europe,Germany,,Frankfurt,4,27,2004,64.6
Europe,Germany,,Frankfurt,4,28,2004,64.2
Europe,Germany,,Frankfurt,4,29,2004,65.1
Europe,Germany,,Frankfurt,5,3,2004,63.3
Europe,Germany,,Frankfurt,5,4,2004,65.5
Europe,Germany,,Frankfurt,5,6,2004,54.7
Europe,Germany,,Frankfurt,5,10,2004,55.2
Europe,Germany,,Frankfurt,5,11,2004,59.2
Europe,Germany,,Frankfurt,5,12,2004,57.0
Europe,Germany,,Frankfurt,5,13,2004,55.1
Europe,Germany,,Frankfurt,5,17,2004,64.8
Europe,Germany,,Frankfurt,5,18,2004,67.8
Europe,Germany,,Frankfurt,5,19,2004,68.4
Europe,Germany,,Frankfurt,5,20,2004,67.1
Europe,Germany,,Frankfurt,5,24,2004,53.9
Europe,Germany,,Frankfurt,5,25,2004,60.6
Europe,Germany,,Frankfurt,5,26,2004,58.1
Europe,Germany,,Frankfurt,5,27,2004,57.2
Europe,Germany,,Frankfurt,6,1,2004,65.3
Europe,Germany,,Frankfurt,6,2,2004,65.1
Europe,Germany,,Frankfurt,6,3,2004,60.8
Europe,Germany,,Frankfurt,6,7,2004,72.3
Europe,Germany,,Frankfurt,6,8,2004,78.6
Europe,Germany,,Frankfurt,6,9,2004,85.0
Europe,Germany,,Frankfurt,6,10,2004,77.2
Europe,Germany,,Frankfurt,6,14,2004,67.8
Europe,Germany,,Frankfurt,6,15,2004,73.8
Europe,Germany,,Frankfurt,6,16,2004,63.3
Europe,Germany,,Frankfurt,6,17,2004,68.9
Europe,Germany,,Frankfurt,6,22,2004,62.6
Europe,Germany,,Frankfurt,6,23,2004,70.3
Europe,Germany,,Frankfurt,6,24,2004,64.9
Europe,Germany,,Frankfurt,6,28,2004,70.2
Europe,Germany,,Frankfurt,6,29,2004,67.8
Europe,Germany,,Frankfurt,6,30,2004,71.6
Europe,Germany,,Frankfurt,7,1,2004,68.7
Europe,Germany,,Frankfurt,7,6,2004,68.9
Europe,Germany,,Frankfurt,7,7,2004,73.4
Europe,Germany,,Frankfurt,7,8,2004,66.9
Europe,Germany,,Frankfurt,7,12,2004,60.3
Europe,Germany,,Frankfurt,7,13,2004,61.2
Europe,Germany,,Frankfurt,7,14,2004,64.0
Europe,Germany,,Frankfurt,7,15,2004,68.4
Europe,Germany,,Frankfurt,7,19,2004,77.5
Europe,Germany,,Frankfurt,7,20,2004,71.1
Europe,Germany,,Frankfurt,7,21,2004,78.1
Europe,Germany,,Frankfurt,7,22,2004,77.5
Europe,Germany,,Frankfurt,7,26,2004,62.4
Europe,Germany,,Frankfurt,7,27,2004,66.7
Europe,Germany,,Frankfurt,7,28,2004,70.3
Europe,Germany,,Frankfurt,7,29,2004,73.6
Europe,Germany,,Frankfurt,8,2,2004,79.1
Europe,Germany,,Frankfurt,8,3,2004,78.3
Europe,Germany,,Frankfurt,8,4,2004,79.5
Europe,Germany,,Frankfurt,8,5,2004,84.0
Europe,Germany,,Frankfurt,8,10,2004,82.4
Europe,Germany,,Frankfurt,8,11,2004,71.4
Europe,Germany,,Frankfurt,8,12,2004,78.6
Europe,Germany,,Frankfurt,8,16,2004,71.8
Europe,Germany,,Frankfurt,8,17,2004,72.0
Europe,Germany,,Frankfurt,8,18,2004,77.0
Europe,Germany,,Frankfurt,8,19,2004,73.9
Europe,Germany,,Frankfurt,8,20,2004,71.8
Europe,Germany,,Frankfurt,8,23,2004,69.0
Europe,Germany,,Frankfurt,8,24,2004,65.1
Europe,Germany,,Frankfurt,8,25,2004,64.0
Europe,Germany,,Frankfurt,8,26,2004,64.1
Europe,Germany,,Frankfurt,8,27,2004,63.4
Europe,Germany,,Frankfurt,8,30,2004,65.1
Europe,Germany,,Frankfurt,8,31,2004,62.2
Europe,Germany,,Frankfurt,9,1,2004,63.4
Europe,Germany,,Frankfurt,9,2,2004,64.6
Europe,Germany,,Frankfurt,9,7,2004,74.2
Europe,Germany,,Frankfurt,9,8,2004,69.7
Europe,Germany,,Frankfurt,9,9,2004,68.3
Europe,Germany,,Frankfurt,9,10,2004,68.7
Europe,Germany,,Frankfurt,9,13,2004,63.9
Europe,Germany,,Frankfurt,9,14,2004,67.6
Europe,Germany,,Frankfurt,9,15,2004,63.4
Europe,Germany,,Frankfurt,9,16,2004,57.4
Europe,Germany,,Frankfurt,9,17,2004,59.7
Europe,Germany,,Frankfurt,9,20,2004,59.3
Europe,Germany,,Frankfurt,9,21,2004,62.4
Europe,Germany,,Frankfurt,9,22,2004,56.8
Europe,Germany,,Frankfurt,9,23,2004,58.4
Europe,Germany,,Frankfurt,9,24,2004,56.1
Europe,Germany,,Frankfurt,9,27,2004,59.7
Europe,Germany,,Frankfurt,9,28,2004,63.2
Europe,Germany,,Frankfurt,9,29,2004,61.1
Europe,Germany,,Frankfurt,9,30,2004,55.6
Europe,Germany,,Frankfurt,10,1,2004,56.7
Europe,Germany,,Frankfurt,10,4,2004,62.4
Europe,Germany,,Frankfurt,10,5,2004,70.1
Europe,Germany,,Frankfurt,10,6,2004,60.0
Europe,Germany,,Frankfurt,10,7,2004,58.5
Europe,Germany,,Frankfurt,10,12,2004,47.0
Europe,Germany,,Frankfurt,10,13,2004,48.9
Europe,Germany,,Frankfurt,10,14,2004,52.0
Europe,Germany,,Frankfurt,10,15,2004,53.1
Europe,Germany,,Frankfurt,10,18,2004,53.8
Europe,Germany,,Frankfurt,10,19,2004,48.2
Europe,Germany,,Frankfurt,10,20,2004,54.9
Europe,Germany,,Frankfurt,10,21,2004,63.4
Europe,Germany,,Frankfurt,10,22,2004,51.6
Europe,Germany,,Frankfurt,10,25,2004,64.7
Europe,Germany,,Frankfurt,10,26,2004,53.1
Europe,Germany,,Frankfurt,10,27,2004,51.1
Europe,Germany,,Frankfurt,10,28,2004,55.0
Europe,Germany,,Frankfurt,11,1,2004,55.2
Europe,Germany,,Frankfurt,11,2,2004,52.8
Europe,Germany,,Frankfurt,11,3,2004,55.7
Europe,Germany,,Frankfurt,11,4,2004,57.6
Europe,Germany,,Frankfurt,11,5,2004,52.2
Europe,Germany,,Frankfurt,11,8,2004,39.9
Europe,Germany,,Frankfurt,11,9,2004,35.8
Europe,Germany,,Frankfurt,11,10,2004,36.7
Europe,Germany,,Frankfurt,11,15,2004,30.9
Europe,Germany,,Frankfurt,11,16,2004,42.5
Europe,Germany,,Frankfurt,11,17,2004,48.4
Europe,Germany,,Frankfurt,11,18,2004,49.8
Europe,Germany,,Frankfurt,11,19,2004,39.4
Europe,Germany,,Frankfurt,11,22,2004,50.0
Europe,Germany,,Frankfurt,11,23,2004,49.6
Europe,Germany,,Frankfurt,11,24,2004,29.0
Europe,Germany,,Frankfurt,11,29,2004,44.9
Europe,Germany,,Frankfurt,11,30,2004,43.1
Europe,Germany,,Frankfurt,12,1,2004,44.4
Europe,Germany,,Frankfurt,12,2,2004,42.6
Europe,Germany,,Frankfurt,12,3,2004,40.2
Europe,Germany,,Frankfurt,12,6,2004,41.2
Europe,Germany,,Frankfurt,12,7,2004,38.6
Europe,Germany,,Frankfurt,12,8,2004,40.0
Europe,Germany,,Frankfurt,12,9,2004,31.2
Europe,Germany,,Frankfurt,12,10,2004,29.6
Europe,Germany,,Frankfurt,12,13,2004,30.3
Europe,Germany,,Frankfurt,12,14,2004,28.1
Europe,Germany,,Frankfurt,12,15,2004,28.2
Europe,Germany,,Frankfurt,12,16,2004,30.1
Europe,Germany,,Frankfurt,12,17,2004,42.7
Europe,Germany,,Frankfurt,12,18,2004,41.9
Europe,Germany,,Frankfurt,12,20,2004,24.8
Europe,Germany,,Frankfurt,12,21,2004,19.4
Europe,Germany,,Frankfurt,12,22,2004,27.6
Europe,Germany,,Frankfurt,12,23,2004,38.4
Europe,Germany,,Frankfurt,1,4,2005,44.7
Europe,Germany,,Frankfurt,1,5,2005,42.1
Europe,Germany,,Frankfurt,1,6,2005,46.4
Europe,Germany,,Frankfurt,1,7,2005,51.5
Europe,Germany,,Frankfurt,1,10,2005,52.8
Europe,Germany,,Frankfurt,1,11,2005,49.0
Europe,Germany,,Frankfurt,1,12,2005,49.8
Europe,Germany,,Frankfurt,1,13,2005,41.8
Europe,Germany,,Frankfurt,1,18,2005,42.7
Europe,Germany,,Frankfurt,1,19,2005,40.9
Europe,Germany,,Frankfurt,1,20,2005,48.8
Europe,Germany,,Frankfurt,1,21,2005,42.5
Europe,Germany,,Frankfurt,1,24,2005,30.7
Europe,Germany,,Frankfurt,1,25,2005,30.0
Europe,Germany,,Frankfurt,1,26,2005,29.4
Europe,Germany,,Frankfurt,1,27,2005,26.3
Europe,Germany,,Frankfurt,1,28,2005,27.7
Europe,Germany,,Frankfurt,1,31,2005,36.3
Europe,Germany,,Frankfurt,2,1,2005,39.3
Europe,Germany,,Frankfurt,2,2,2005,41.7
Europe,Germany,,Frankfurt,2,3,2005,42.1
Europe,Germany,,Frankfurt,2,4,2005,35.8
Europe,Germany,,Frankfurt,2,8,2005,29.5
Europe,Germany,,Frankfurt,2,9,2005,29.2
Europe,Germany,,Frankfurt,2,10,2005,40.3
Europe,Germany,,Frankfurt,2,11,2005,46.4
Europe,Germany,,Frankfurt,2,14,2005,37.4
Europe,Germany,,Frankfurt,2,15,2005,32.8
Europe,Germany,,Frankfurt,2,16,2005,31.0
Europe,Germany,,Frankfurt,2,17,2005,30.5
Europe,Germany,,Frankfurt,2,22,2005,29.0
Europe,Germany,,Frankfurt,2,23,2005,28.1
Europe,Germany,,Frankfurt,2,24,2005,27.0
Europe,Germany,,Frankfurt,2,25,2005,27.7
Europe,Germany,,Frankfurt,2,28,2005,22.8
Europe,Germany,,Frankfurt,3,1,2005,23.2
Europe,Germany,,Frankfurt,3,2,2005,25.3
Europe,Germany,,Frankfurt,3,3,2005,28.6
Europe,Germany,,Frankfurt,3,4,2005,27.3
Europe,Germany,,Frankfurt,3,7,2005,27.3
Europe,Germany,,Frankfurt,3,8,2005,38.1
Europe,Germany,,Frankfurt,3,9,2005,39.8
Europe,Germany,,Frankfurt,3,10,2005,36.2
Europe,Germany,,Frankfurt,3,11,2005,36.7
Europe,Germany,,Frankfurt,3,14,2005,42.3
Europe,Germany,,Frankfurt,3,15,2005,47.9
Europe,Germany,,Frankfurt,3,16,2005,59.9
Europe,Germany,,Frankfurt,3,17,2005,62.0
Europe,Germany,,Frankfurt,3,18,2005,60.3
Europe,Germany,,Frankfurt,3,21,2005,49.8
Europe,Germany,,Frankfurt,3,22,2005,54.9
Europe,Germany,,Frankfurt,3,23,2005,57.2
Europe,Germany,,Frankfurt,3,24,2005,55.1
Europe,Germany,,Frankfurt,3,29,2005,53.5
Europe,Germany,,Frankfurt,3,30,2005,54.6
Europe,Germany,,Frankfurt,3,31,2005,54.9
Europe,Germany,,Frankfurt,4,1,2005,49.6
Europe,Germany,,Frankfurt,4,4,2005,56.7
Europe,Germany,,Frankfurt,4,5,2005,50.6
Europe,Germany,,Frankfurt,4,6,2005,54.9
Europe,Germany,,Frankfurt,4,7,2005,54.4
Europe,Germany,,Frankfurt,4,12,2005,54.1
Europe,Germany,,Frankfurt,4,13,2005,55.5
Europe,Germany,,Frankfurt,4,14,2005,59.7
Europe,Germany,,Frankfurt,4,15,2005,61.5
Europe,Germany,,Frankfurt,4,18,2005,58.9
Europe,Germany,,Frankfurt,4,19,2005,50.5
Europe,Germany,,Frankfurt,4,20,2005,46.6
Europe,Germany,,Frankfurt,4,21,2005,46.1
Europe,Germany,,Frankfurt,4,22,2005,49.4
Europe,Germany,,Frankfurt,4,25,2005,53.9
Europe,Germany,,Frankfurt,4,26,2005,54.4
Europe,Germany,,Frankfurt,4,27,2005,57.1
Europe,Germany,,Frankfurt,4,28,2005,57.5
Europe,Germany,,Frankfurt,4,29,2005,59.0
Europe,Germany,,Frankfurt,5,2,2005,70.9
Europe,Germany,,Frankfurt,5,3,2005,64.7
Europe,Germany,,Frankfurt,5,4,2005,56.2
Europe,Germany,,Frankfurt,5,6,2005,50.8
Europe,Germany,,Frankfurt,5,9,2005,45.7
Europe,Germany,,Frankfurt,5,10,2005,47.1
Europe,Germany,,Frankfurt,5,11,2005,50.2
Europe,Germany,,Frankfurt,5,12,2005,55.1
Europe,Germany,,Frankfurt,5,13,2005,56.3
Europe,Germany,,Frankfurt,5,17,2005,48.4
Europe,Germany,,Frankfurt,5,18,2005,48.4
Europe,Germany,,Frankfurt,5,19,2005,58.6
Europe,Germany,,Frankfurt,5,20,2005,63.9
Europe,Germany,,Frankfurt,5,23,2005,60.4
Europe,Germany,,Frankfurt,5,24,2005,64.0
Europe,Germany,,Frankfurt,5,25,2005,70.2
Europe,Germany,,Frankfurt,5,31,2005,56.3
Europe,Germany,,Frankfurt,6,1,2005,59.7
Europe,Germany,,Frankfurt,6,2,2005,66.3
Europe,Germany,,Frankfurt,6,3,2005,71.8
Europe,Germany,,Frankfurt,6,6,2005,59.1
Europe,Germany,,Frankfurt,6,7,2005,52.6
Europe,Germany,,Frankfurt,6,8,2005,55.3
Europe,Germany,,Frankfurt,6,9,2005,59.2
Europe,Germany,,Frankfurt,6,10,2005,57.0
Europe,Germany,,Frankfurt,6,13,2005,63.7
Europe,Germany,,Frankfurt,6,14,2005,60.9
Europe,Germany,,Frankfurt,6,15,2005,64.7
Europe,Germany,,Frankfurt,6,16,2005,70.7
Europe,Germany,,Frankfurt,6,20,2005,78.3
Europe,Germany,,Frankfurt,6,21,2005,81.8
Europe,Germany,,Frankfurt,6,22,2005,74.0
Europe,Germany,,Frankfurt,6,23,2005,78.3
Europe,Germany,,Frankfurt,6,24,2005,82.0
Europe,Germany,,Frankfurt,6,27,2005,75.7
Europe,Germany,,Frankfurt,6,28,2005,76.8
Europe,Germany,,Frankfurt,6,29,2005,72.9
Europe,Germany,,Frankfurt,6,30,2005,71.7
Europe,Germany,,Frankfurt,7,1,2005,63.7
Europe,Germany,,Frankfurt,7,6,2005,61.4
Europe,Germany,,Frankfurt,7,7,2005,59.9
Europe,Germany,,Frankfurt,7,8,2005,61.7
Europe,Germany,,Frankfurt,7,11,2005,73.0
Europe,Germany,,Frankfurt,7,12,2005,74.5
Europe,Germany,,Frankfurt,7,13,2005,76.6
Europe,Germany,,Frankfurt,7,14,2005,78.3
Europe,Germany,,Frankfurt,7,15,2005,77.6
Europe,Germany,,Frankfurt,7,18,2005,76.7
Europe,Germany,,Frankfurt,7,19,2005,68.1
Europe,Germany,,Frankfurt,7,20,2005,65.7
Europe,Germany,,Frankfurt,7,21,2005,66.8
Europe,Germany,,Frankfurt,7,22,2005,60.4
Europe,Germany,,Frankfurt,7,25,2005,72.9
Europe,Germany,,Frankfurt,7,26,2005,71.1
Europe,Germany,,Frankfurt,7,27,2005,80.3
Europe,Germany,,Frankfurt,7,28,2005,82.0
Europe,Germany,,Frankfurt,7,29,2005,74.2
Europe,Germany,,Frankfurt,8,1,2005,67.8
Europe,Germany,,Frankfurt,8,2,2005,66.6
Europe,Germany,,Frankfurt,8,3,2005,68.5
Europe,Germany,,Frankfurt,8,4,2005,67.7
Europe,Germany,,Frankfurt,8,5,2005,65.8
Europe,Germany,,Frankfurt,8,8,2005,60.1
Europe,Germany,,Frankfurt,8,9,2005,62.6
Europe,Germany,,Frankfurt,8,10,2005,60.1
Europe,Germany,,Frankfurt,8,11,2005,65.0
Europe,Germany,,Frankfurt,8,12,2005,68.4
Europe,Germany,,Frankfurt,8,15,2005,62.1
Europe,Germany,,Frankfurt,8,16,2005,67.0
Europe,Germany,,Frankfurt,8,17,2005,69.7
Europe,Germany,,Frankfurt,8,18,2005,76.0
Europe,Germany,,Frankfurt,8,19,2005,73.9
Europe,Germany,,Frankfurt,8,22,2005,70.0
Europe,Germany,,Frankfurt,8,23,2005,68.0
Europe,Germany,,Frankfurt,8,24,2005,68.9
Europe,Germany,,Frankfurt,8,25,2005,64.8
Europe,Germany,,Frankfurt,8,26,2005,62.2
Europe,Germany,,Frankfurt,8,29,2005,69.1
Europe,Germany,,Frankfurt,8,30,2005,74.6
Europe,Germany,,Frankfurt,8,31,2005,77.0
Europe,Germany,,Frankfurt,9,1,2005,78.8
Europe,Germany,,Frankfurt,9,6,2005,71.7
Europe,Germany,,Frankfurt,9,7,2005,72.5
Europe,Germany,,Frankfurt,9,8,2005,73.8
Europe,Germany,,Frankfurt,9,9,2005,71.8
Europe,Germany,,Frankfurt,9,21,2005,57.7
Europe,Germany,,Frankfurt,9,27,2005,62.8
Europe,Germany,,Frankfurt,9,28,2005,60.2
Europe,Germany,,Frankfurt,9,29,2005,55.7
Europe,Germany,,Frankfurt,9,30,2005,56.5
Europe,Germany,,Frankfurt,10,4,2005,62.3
Europe,Germany,,Frankfurt,10,5,2005,62.1
Europe,Germany,,Frankfurt,10,6,2005,62.8
Europe,Germany,,Frankfurt,10,11,2005,55.0
Europe,Germany,,Frankfurt,10,12,2005,54.6
Europe,Germany,,Frankfurt,10,13,2005,51.3
Europe,Germany,,Frankfurt,10,14,2005,50.3
Europe,Germany,,Frankfurt,10,17,2005,50.0
Europe,Germany,,Frankfurt,10,18,2005,47.8
Europe,Germany,,Frankfurt,10,19,2005,46.7
Europe,Germany,,Frankfurt,10,20,2005,52.1
Europe,Germany,,Frankfurt,10,21,2005,57.0
Europe,Germany,,Frankfurt,10,24,2005,56.5
Europe,Germany,,Frankfurt,10,25,2005,63.5
Europe,Germany,,Frankfurt,10,26,2005,61.6
Europe,Germany,,Frankfurt,10,27,2005,57.7
Europe,Germany,,Frankfurt,10,28,2005,54.9
Europe,Germany,,Frankfurt,10,31,2005,50.5
Europe,Germany,,Frankfurt,11,1,2005,51.1
Europe,Germany,,Frankfurt,11,2,2005,52.0
Europe,Germany,,Frankfurt,11,3,2005,62.3
Europe,Germany,,Frankfurt,11,4,2005,55.4
Europe,Germany,,Frankfurt,11,7,2005,46.3
Europe,Germany,,Frankfurt,11,8,2005,48.8
Europe,Germany,,Frankfurt,11,9,2005,44.4
Europe,Germany,,Frankfurt,11,10,2005,45.9
Europe,Germany,,Frankfurt,11,15,2005,41.4
Europe,Germany,,Frankfurt,11,16,2005,42.5
Europe,Germany,,Frankfurt,11,17,2005,42.3
Europe,Germany,,Frankfurt,11,18,2005,40.2
Europe,Germany,,Frankfurt,11,21,2005,38.3
Europe,Germany,,Frankfurt,11,22,2005,35.7
Europe,Germany,,Frankfurt,11,23,2005,38.9
Europe,Germany,,Frankfurt,11,28,2005,37.2
Europe,Germany,,Frankfurt,11,29,2005,37.3
Europe,Germany,,Frankfurt,11,30,2005,35.5
Europe,Germany,,Frankfurt,12,1,2005,35.8
Europe,Germany,,Frankfurt,12,2,2005,30.2
Europe,Germany,,Frankfurt,12,5,2005,44.5
Europe,Germany,,Frankfurt,12,6,2005,41.5
Europe,Germany,,Frankfurt,12,7,2005,41.7
Europe,Germany,,Frankfurt,12,8,2005,41.9
Europe,Germany,,Frankfurt,12,9,2005,39.0
Europe,Germany,,Frankfurt,12,12,2005,36.7
Europe,Germany,,Frankfurt,12,13,2005,36.4
Europe,Germany,,Frankfurt,12,14,2005,38.8
Europe,Germany,,Frankfurt,12,15,2005,41.3
Europe,Germany,,Frankfurt,12,16,2005,45.1
Europe,Germany,,Frankfurt,12,19,2005,34.7
Europe,Germany,,Frankfurt,12,20,2005,38.3
Europe,Germany,,Frankfurt,12,21,2005,37.6
Europe,Germany,,Frankfurt,12,22,2005,36.0
Europe,Germany,,Frankfurt,12,27,2005,31.0
Europe,Germany,,Frankfurt,1,3,2006,35.4
Europe,Germany,,Frankfurt,1,4,2006,31.0
Europe,Germany,,Frankfurt,1,5,2006,36.3
Europe,Germany,,Frankfurt,1,6,2006,38.5
Europe,Germany,,Frankfurt,1,8,2006,37.7
Europe,Germany,,Frankfurt,1,9,2006,27.4
Europe,Germany,,Frankfurt,1,10,2006,28.4
Europe,Germany,,Frankfurt,1,11,2006,26.8
Europe,Germany,,Frankfurt,1,12,2006,33.5
Europe,Germany,,Frankfurt,1,17,2006,34.0
Europe,Germany,,Frankfurt,1,18,2006,37.3
Europe,Germany,,Frankfurt,1,19,2006,32.8
Europe,Germany,,Frankfurt,1,20,2006,38.1
Europe,Germany,,Frankfurt,1,23,2006,22.4
Europe,Germany,,Frankfurt,1,24,2006,20.9
Europe,Germany,,Frankfurt,1,25,2006,28.3
Europe,Germany,,Frankfurt,1,26,2006,24.6
Europe,Germany,,Frankfurt,1,27,2006,23.2
Europe,Germany,,Frankfurt,1,30,2006,28.4
Europe,Germany,,Frankfurt,1,31,2006,28.8
Europe,Germany,,Frankfurt,2,1,2006,25.3
Europe,Germany,,Frankfurt,2,2,2006,22.8
Europe,Germany,,Frankfurt,2,3,2006,23.4
Europe,Germany,,Frankfurt,2,7,2006,41.0
Europe,Germany,,Frankfurt,2,8,2006,40.2
Europe,Germany,,Frankfurt,2,9,2006,36.8
Europe,Germany,,Frankfurt,2,10,2006,36.7
Europe,Germany,,Frankfurt,2,13,2006,31.6
Europe,Germany,,Frankfurt,2,14,2006,36.1
Europe,Germany,,Frankfurt,2,15,2006,43.0
Europe,Germany,,Frankfurt,2,16,2006,46.7
Europe,Germany,,Frankfurt,2,21,2006,39.6
Europe,Germany,,Frankfurt,2,22,2006,34.5
Europe,Germany,,Frankfurt,2,23,2006,32.4
Europe,Germany,,Frankfurt,2,24,2006,37.4
Europe,Germany,,Frankfurt,2,27,2006,31.3
Europe,Germany,,Frankfurt,2,28,2006,35.4
Europe,Germany,,Frankfurt,3,1,2006,34.0
Europe,Germany,,Frankfurt,3,2,2006,32.2
Europe,Germany,,Frankfurt,3,3,2006,29.8
Europe,Germany,,Frankfurt,3,6,2006,36.1
Europe,Germany,,Frankfurt,3,7,2006,34.9
Europe,Germany,,Frankfurt,3,8,2006,33.3
Europe,Germany,,Frankfurt,3,9,2006,46.4
Europe,Germany,,Frankfurt,3,10,2006,44.1
Europe,Germany,,Frankfurt,3,13,2006,32.8
Europe,Germany,,Frankfurt,3,14,2006,33.5
Europe,Germany,,Frankfurt,3,15,2006,35.2
Europe,Germany,,Frankfurt,3,16,2006,37.3
Europe,Germany,,Frankfurt,3,17,2006,37.9
Europe,Germany,,Frankfurt,3,20,2006,45.0
Europe,Germany,,Frankfurt,3,21,2006,39.0
Europe,Germany,,Frankfurt,3,22,2006,42.3
Europe,Germany,,Frankfurt,3,23,2006,42.6
Europe,Germany,,Frankfurt,3,24,2006,45.8
Europe,Germany,,Frankfurt,3,27,2006,58.8
Europe,Germany,,Frankfurt,3,28,2006,55.2
Europe,Germany,,Frankfurt,3,29,2006,50.7
Europe,Germany,,Frankfurt,3,30,2006,52.8
Europe,Germany,,Frankfurt,3,31,2006,57.0
Europe,Germany,,Frankfurt,4,3,2006,50.1
Europe,Germany,,Frankfurt,4,4,2006,48.3
Europe,Germany,,Frankfurt,4,5,2006,43.4
Europe,Germany,,Frankfurt,4,6,2006,44.1
Europe,Germany,,Frankfurt,4,10,2006,48.6
Europe,Germany,,Frankfurt,4,11,2006,42.6
Europe,Germany,,Frankfurt,4,12,2006,43.9
Europe,Germany,,Frankfurt,4,13,2006,43.6
Europe,Germany,,Frankfurt,4,17,2006,56.5
Europe,Germany,,Frankfurt,4,18,2006,48.7
Europe,Germany,,Frankfurt,4,19,2006,51.4
Europe,Germany,,Frankfurt,4,20,2006,52.0
Europe,Germany,,Frankfurt,4,21,2006,55.8
Europe,Germany,,Frankfurt,4,24,2006,55.0
Europe,Germany,,Frankfurt,4,25,2006,58.3
Europe,Germany,,Frankfurt,4,26,2006,57.6
Europe,Germany,,Frankfurt,4,27,2006,58.6
Europe,Germany,,Frankfurt,4,28,2006,55.2
